,geoid,children-in-poverty,dental-care,diabetes,frequent-mental-distress,frequent-physical-distress,housing-cost-excessive,income-inequality,life-expectancy,obesity,uninsured,preventive-services,zip_code
0,17031010100,63.0,54.7,10.7,13.6,13.1,44.1,-37.0,68.8,37.1,11.3,26.2,60626
1,17031010201,51.8,50.3,10.8,14.4,14.0,50.8,-24.8,77.3,37.2,17.4,24.8,60626
2,17031010201,51.8,50.3,10.8,14.4,14.0,50.8,-24.8,77.3,37.2,17.4,24.8,60645
3,17031010202,15.2,55.6,11.6,12.5,13.4,52.9,-32.0,78.6,35.1,26.6,27.3,60626
4,17031010300,27.9,59.7,10.8,11.8,12.5,48.0,-19.6,70.0,31.9,15.5,28.6,60626
5,17031010400,6.0,65.7,5.7,12.0,8.1,45.7,-24.3,79.7,24.6,6.4,30.7,60626
6,17031010400,6.0,65.7,5.7,12.0,8.1,45.7,-24.3,79.7,24.6,6.4,30.7,60660
7,17031010501,3.7,61.1,8.4,11.5,10.2,58.2,-40.1,80.8,30.7,17.0,29.6,60626
8,17031010502,28.9,57.4,6.7,13.4,10.6,51.8,-30.6,79.1,31.5,16.4,28.1,60626
9,17031010503,46.5,52.2,13.0,14.1,13.9,46.4,-42.6,78.4,28.3,8.0,24.1,60626
10,17031010503,46.5,52.2,13.0,14.1,13.9,46.4,-42.6,78.4,28.3,8.0,24.1,60660
11,17031010600,32.1,63.2,8.0,11.5,10.0,49.2,-18.2,79.1,30.0,21.3,30.3,60626
12,17031010600,32.1,63.2,8.0,11.5,10.0,49.2,-18.2,79.1,30.0,21.3,30.3,60660
13,17031010701,33.1,59.4,9.4,12.0,11.7,43.2,-7.9,83.8,32.1,12.2,29.1,60626
14,17031010701,33.1,59.4,9.4,12.0,11.7,43.2,-7.9,83.8,32.1,12.2,29.1,60645
15,17031010702,47.3,47.1,9.5,14.9,14.0,56.6,-29.8,75.4,36.4,19.7,23.3,60626
16,17031020100,33.3,55.6,11.6,12.6,13.0,41.5,-12.0,79.7,32.7,19.5,27.2,60645
17,17031020200,11.6,63.2,10.2,10.7,11.6,29.3,13.2,81.9,27.0,11.3,30.8,60645
18,17031020301,7.5,71.9,10.0,8.5,10.5,43.1,-5.8,83.7,22.8,7.3,33.4,60645
19,17031020302,14.3,67.7,9.3,9.8,10.6,30.4,3.5,73.0,27.0,12.7,32.7,60645
20,17031020400,32.5,62.5,9.9,11.0,11.5,38.4,-0.6,82.7,30.0,13.9,30.0,60645
21,17031020500,51.2,45.8,12.9,14.4,15.4,40.8,-23.4,77.6,31.9,27.2,23.0,60626
22,17031020500,51.2,45.8,12.9,14.4,15.4,40.8,-23.4,77.6,31.9,27.2,23.0,60645
23,17031020500,51.2,45.8,12.9,14.4,15.4,40.8,-23.4,77.6,31.9,27.2,23.0,60659
24,17031020601,43.3,55.5,10.3,12.9,13.0,55.5,-5.7,79.4,28.3,11.5,27.7,60645
25,17031020601,43.3,55.5,10.3,12.9,13.0,55.5,-5.7,79.4,28.3,11.5,27.7,60659
26,17031020602,40.1,54.5,11.1,12.2,13.0,49.6,-9.7,79.6,28.4,25.4,27.0,60645
27,17031020602,40.1,54.5,11.1,12.2,13.0,49.6,-9.7,79.6,28.4,25.4,27.0,60659
28,17031020701,7.7,67.1,9.9,9.6,10.7,35.3,17.6,81.1,25.1,5.5,33.0,60659
29,17031020702,38.4,56.4,11.4,12.1,12.7,48.8,-21.8,77.5,26.6,14.8,28.4,60645
30,17031020702,38.4,56.4,11.4,12.1,12.7,48.8,-21.8,77.5,26.6,14.8,28.4,60659
31,17031020801,28.6,59.5,9.9,11.8,12.0,40.4,-5.8,80.4,27.6,15.5,29.5,60659
32,17031020802,43.7,54.5,11.2,11.7,11.5,47.8,-11.3,79.1,27.3,26.8,26.7,60659
33,17031020901,44.2,50.2,11.0,13.3,13.0,53.2,-15.6,77.0,32.2,17.0,24.5,60659
34,17031020902,31.7,54.7,12.2,12.5,13.2,47.1,-27.1,78.5,29.9,22.2,26.8,60659
35,17031020902,31.7,54.7,12.2,12.5,13.2,47.1,-27.1,78.5,29.9,22.2,26.8,60660
36,17031030101,0.0,67.6,9.6,9.4,9.4,41.2,-20.2,,28.2,23.8,33.2,60660
37,17031030102,8.7,66.1,8.1,10.4,9.9,53.1,-23.3,76.0,28.7,18.2,32.4,60660
38,17031030103,19.7,61.0,5.8,12.4,9.0,37.1,-15.0,79.1,26.1,10.6,28.9,60660
39,17031030104,5.0,62.9,5.7,13.0,8.3,47.4,-21.2,,22.1,16.3,27.9,60660
40,17031030200,5.5,69.6,6.6,10.1,9.0,41.8,1.3,83.7,26.9,6.2,34.4,60660
41,17031030300,38.7,53.7,11.6,12.7,13.4,52.7,-22.6,80.0,31.7,20.0,25.8,60660
42,17031030400,33.8,62.7,9.2,10.8,10.8,39.5,-14.3,81.3,29.2,15.5,29.6,60660
43,17031030500,29.5,69.5,6.0,9.8,8.2,36.1,21.1,75.2,25.9,5.8,33.1,60660
44,17031030601,24.0,60.3,11.5,11.1,12.0,47.4,-22.4,80.0,30.9,19.4,29.0,60660
45,17031030603,43.6,58.1,7.4,11.8,10.0,45.3,-34.8,,32.2,23.4,28.3,60660
46,17031030604,31.9,63.1,9.8,10.2,10.5,46.0,-32.4,79.0,28.5,12.0,30.1,60660
47,17031030701,50.7,60.1,8.5,11.9,10.6,51.7,-37.3,79.7,31.1,17.2,30.1,60640
48,17031030702,0.0,75.5,8.0,7.5,7.6,33.1,7.4,77.7,23.1,8.1,36.8,60640
49,17031030703,24.4,65.5,10.7,9.9,10.8,44.5,-28.9,75.4,28.6,11.7,32.5,60640
50,17031030706,43.3,63.8,10.4,9.8,12.2,44.0,-20.9,79.4,27.6,19.0,29.5,60640
51,17031030800,2.7,75.2,6.2,8.5,7.2,36.5,10.3,81.1,23.4,4.2,36.3,60640
52,17031030800,2.7,75.2,6.2,8.5,7.2,36.5,10.3,81.1,23.4,4.2,36.3,60660
53,17031030900,12.1,72.8,6.5,9.1,7.9,31.0,17.0,81.9,24.4,20.4,34.4,60640
54,17031030900,12.1,72.8,6.5,9.1,7.9,31.0,17.0,81.9,24.4,20.4,34.4,60660
55,17031031000,0.0,74.3,5.7,8.8,6.9,40.7,10.8,79.2,23.8,12.1,33.8,60640
56,17031031100,16.3,68.4,6.3,10.0,8.0,32.1,-2.2,82.7,24.1,15.5,31.5,60640
57,17031031200,36.3,52.0,13.5,12.6,14.0,45.3,-29.6,67.3,33.7,14.4,25.8,60640
58,17031031300,28.1,58.7,11.2,11.0,12.0,37.8,-16.4,78.1,29.5,13.6,27.2,60640
59,17031031400,0.0,75.9,6.7,8.0,7.6,33.9,2.8,77.8,23.4,5.9,36.1,60613
60,17031031400,0.0,75.9,6.7,8.0,7.6,33.9,2.8,77.8,23.4,5.9,36.1,60640
61,17031031501,60.5,48.4,13.7,13.4,14.6,45.8,-39.7,80.6,33.4,14.9,23.7,60640
62,17031031502,13.6,53.2,10.5,13.2,12.6,48.1,-42.0,75.7,35.1,19.1,25.9,60613
63,17031031502,13.6,53.2,10.5,13.2,12.6,48.1,-42.0,75.7,35.1,19.1,25.9,60640
64,17031031700,52.5,59.6,7.5,12.1,10.3,45.1,-15.2,74.1,32.0,13.8,28.2,60640
65,17031031800,0.0,68.4,5.3,10.3,8.1,34.9,9.1,82.0,26.0,13.3,31.7,60640
66,17031031900,10.3,69.3,5.6,10.6,8.3,36.1,3.2,81.1,26.1,8.9,32.6,60640
67,17031032100,36.1,69.6,6.1,9.8,7.6,37.7,-11.3,80.7,25.7,10.3,34.0,60613
68,17031040100,17.5,67.4,7.4,10.3,9.7,26.9,17.6,78.5,27.5,8.8,32.4,60625
69,17031040100,17.5,67.4,7.4,10.3,9.7,26.9,17.6,78.5,27.5,8.8,32.4,60640
70,17031040100,17.5,67.4,7.4,10.3,9.7,26.9,17.6,78.5,27.5,8.8,32.4,60660
71,17031040201,19.5,68.7,6.4,10.2,8.7,44.0,5.4,79.4,25.3,12.5,33.7,60625
72,17031040202,36.6,56.4,10.2,12.4,12.5,50.2,-27.6,77.1,28.8,18.9,27.8,60625
73,17031040202,36.6,56.4,10.2,12.4,12.5,50.2,-27.6,77.1,28.8,18.9,27.8,60659
74,17031040300,0.0,72.2,8.3,8.7,8.8,31.6,23.0,81.1,22.7,5.7,35.3,60625
75,17031040300,0.0,72.2,8.3,8.7,8.8,31.6,23.0,81.1,22.7,5.7,35.3,60659
76,17031040401,2.6,73.6,5.5,9.0,7.5,31.4,28.2,81.9,24.0,5.4,35.6,60625
77,17031040402,4.8,76.6,4.0,8.4,5.9,32.4,28.3,81.3,23.1,7.2,36.5,60625
78,17031040402,4.8,76.6,4.0,8.4,5.9,32.4,28.3,81.3,23.1,7.2,36.5,60640
79,17031040600,0.0,74.8,4.7,9.1,6.9,29.0,12.4,80.6,23.8,13.6,37.1,60625
80,17031040700,7.4,71.2,5.5,9.8,7.9,32.5,15.2,,25.3,9.3,34.9,60625
81,17031040800,1.3,73.9,6.0,9.0,7.6,27.7,13.2,81.1,24.3,5.4,35.8,60618
82,17031040800,1.3,73.9,6.0,9.0,7.6,27.7,13.2,81.1,24.3,5.4,35.8,60625
83,17031040900,0.0,77.0,4.6,8.5,6.3,28.4,18.6,81.0,22.9,8.4,37.7,60618
84,17031040900,0.0,77.0,4.6,8.5,6.3,28.4,18.6,81.0,22.9,8.4,37.7,60625
85,17031050100,0.0,76.0,4.2,8.9,6.3,28.0,22.0,81.5,22.4,5.8,37.1,60613
86,17031050100,0.0,76.0,4.2,8.9,6.3,28.0,22.0,81.5,22.4,5.8,37.1,60618
87,17031050200,2.1,71.7,6.6,9.5,8.3,35.6,16.7,81.3,25.3,3.6,34.0,60618
88,17031050300,15.6,73.3,6.2,9.3,8.0,30.6,15.8,80.3,25.0,9.0,36.0,60618
89,17031050500,2.3,76.4,5.0,8.8,7.0,28.4,40.4,81.3,23.0,5.8,38.2,60618
90,17031050600,6.4,77.1,3.7,8.6,5.8,25.5,33.5,81.3,22.3,2.5,38.1,60613
91,17031050600,6.4,77.1,3.7,8.6,5.8,25.5,33.5,81.3,22.3,2.5,38.1,60618
92,17031050700,0.0,78.9,3.6,8.1,5.5,30.9,45.5,80.3,21.6,1.9,39.9,60613
93,17031050700,0.0,78.9,3.6,8.1,5.5,30.9,45.5,80.3,21.6,1.9,39.9,60618
94,17031050700,0.0,78.9,3.6,8.1,5.5,30.9,45.5,80.3,21.6,1.9,39.9,60657
95,17031050800,4.6,77.6,4.2,8.4,6.1,25.0,36.6,,22.4,5.5,38.1,60618
96,17031050900,0.0,75.3,4.7,8.9,6.5,33.2,24.7,81.3,23.3,11.2,36.9,60618
97,17031051000,7.3,75.4,3.9,8.9,6.1,22.8,30.1,81.3,23.1,4.6,36.4,60618
98,17031051100,2.8,73.7,3.8,9.4,6.4,31.5,38.5,,23.4,4.4,35.7,60618
99,17031051200,1.3,74.6,3.7,9.3,6.2,16.5,44.4,,23.1,6.3,37.3,60618
100,17031051200,1.3,74.6,3.7,9.3,6.2,16.5,44.4,,23.1,6.3,37.3,60657
101,17031051300,1.6,80.5,3.7,7.5,5.2,15.6,56.4,,21.6,2.8,39.1,60614
102,17031051300,1.6,80.5,3.7,7.5,5.2,15.6,56.4,,21.6,2.8,39.1,60618
103,17031051300,1.6,80.5,3.7,7.5,5.2,15.6,56.4,,21.6,2.8,39.1,60657
104,17031051400,2.7,68.8,5.6,10.3,8.2,32.0,23.3,82.0,26.7,5.0,31.5,60618
105,17031060100,3.9,78.6,4.0,8.1,5.6,27.3,31.5,,22.2,4.0,37.3,60613
106,17031060200,29.5,71.4,5.0,9.8,7.4,33.5,4.0,81.1,24.9,11.8,34.8,60613
107,17031060300,0.0,78.1,3.6,8.4,5.5,23.5,45.1,81.3,21.1,8.6,37.5,60613
108,17031060400,0.9,76.9,3.1,8.5,5.2,25.7,44.8,,21.5,3.9,38.4,60613
109,17031060500,3.5,62.1,10.5,10.9,11.3,37.1,-19.5,80.2,25.9,9.0,29.6,60613
110,17031060800,0.0,78.2,4.7,7.7,5.7,30.5,11.6,80.8,21.1,5.5,38.8,60613
111,17031060900,0.0,73.1,5.7,9.1,7.3,40.1,0.2,84.1,23.9,9.0,35.0,60613
112,17031060900,0.0,73.1,5.7,9.1,7.3,40.1,0.2,84.1,23.9,9.0,35.0,60657
113,17031061000,0.0,76.5,2.2,8.8,4.7,32.2,32.9,,19.9,5.1,37.7,60613
114,17031061100,0.0,76.4,2.0,8.9,4.5,27.3,37.7,,19.6,5.2,37.8,60613
115,17031061200,0.0,78.1,2.4,8.4,4.6,26.8,32.5,80.9,19.6,7.8,38.0,60613
116,17031061500,2.2,77.9,2.7,8.7,4.8,22.7,37.2,,19.6,3.0,37.3,60613
117,17031061500,2.2,77.9,2.7,8.7,4.8,22.7,37.2,,19.6,3.0,37.3,60657
118,17031061800,6.5,71.7,4.2,9.9,6.7,42.5,-8.2,,23.5,8.8,34.1,60657
119,17031061901,0.0,76.9,4.6,8.1,5.8,38.2,-0.8,,21.6,7.8,38.0,60657
120,17031061902,12.7,76.8,6.0,8.1,6.9,36.6,7.0,,22.7,8.1,38.2,60657
121,17031062000,7.2,76.2,2.8,8.8,5.2,30.9,20.7,,21.4,6.0,39.0,60657
122,17031062100,0.0,73.3,3.3,9.4,5.5,30.9,10.8,81.3,21.1,5.6,35.6,60657
123,17031062200,3.6,76.8,2.2,8.7,4.7,24.9,35.5,,20.2,0.8,37.9,60657
124,17031062300,0.0,79.4,2.4,8.0,4.5,24.9,54.2,,20.0,6.0,39.1,60657
125,17031062400,4.5,79.0,3.0,8.0,4.9,29.5,41.9,80.9,20.3,3.6,38.2,60657
126,17031062500,8.5,78.8,3.5,7.8,5.1,26.4,44.2,,21.8,1.4,40.8,60657
127,17031062600,0.0,79.0,3.2,8.0,5.3,24.4,52.8,,21.5,2.2,39.5,60614
128,17031062600,0.0,79.0,3.2,8.0,5.3,24.4,52.8,,21.5,2.2,39.5,60657
129,17031062700,0.0,74.5,3.7,9.2,6.1,23.8,45.3,79.7,22.2,0.2,35.8,60614
130,17031062700,0.0,74.5,3.7,9.2,6.1,23.8,45.3,79.7,22.2,0.2,35.8,60657
131,17031062800,0.0,79.8,2.7,7.7,4.5,23.1,51.3,78.6,19.5,3.7,39.7,60614
132,17031062800,0.0,79.8,2.7,7.7,4.5,23.1,51.3,78.6,19.5,3.7,39.7,60657
133,17031062900,5.5,78.2,2.6,8.4,4.6,21.6,40.3,80.9,19.7,2.5,38.8,60614
134,17031062900,5.5,78.2,2.6,8.4,4.6,21.6,40.3,80.9,19.7,2.5,38.8,60657
135,17031063000,0.0,76.1,2.5,8.7,4.9,26.8,24.6,79.2,20.2,5.7,36.9,60614
136,17031063000,0.0,76.1,2.5,8.7,4.9,26.8,24.6,79.2,20.2,5.7,36.9,60657
137,17031063100,2.0,77.8,2.8,8.4,4.9,22.2,22.2,,20.6,2.3,41.1,60657
138,17031063200,7.8,75.9,5.4,8.3,6.7,33.5,8.5,,21.6,5.4,36.6,60657
139,17031063301,0.0,71.2,5.4,9.7,7.0,41.6,-17.8,82.5,22.7,4.7,33.8,60614
140,17031063301,0.0,71.2,5.4,9.7,7.0,41.6,-17.8,82.5,22.7,4.7,33.8,60657
141,17031063302,0.0,77.9,4.0,8.2,5.5,36.1,4.4,80.9,20.2,7.2,39.2,60614
142,17031063302,0.0,77.9,4.0,8.2,5.5,36.1,4.4,80.9,20.2,7.2,39.2,60657
143,17031063303,0.0,78.7,8.6,6.8,8.7,44.3,7.8,80.7,20.7,4.6,35.3,60614
144,17031063303,0.0,78.7,8.6,6.8,8.7,44.3,7.8,80.7,20.7,4.6,35.3,60657
145,17031063400,0.0,77.0,2.6,8.7,4.9,21.9,23.6,,20.5,1.3,40.0,60614
146,17031063400,0.0,77.0,2.6,8.7,4.9,21.9,23.6,,20.5,1.3,40.0,60657
147,17031070101,18.4,79.0,5.8,7.6,6.3,42.2,-1.2,,20.8,5.7,39.2,60614
148,17031070101,18.4,79.0,5.8,7.6,6.3,42.2,-1.2,,20.8,5.7,39.2,60657
149,17031070102,0.0,76.0,3.5,8.7,5.6,28.5,16.3,,20.7,8.0,35.2,60614
150,17031070103,0.0,76.6,3.0,8.7,4.9,40.4,-10.4,,19.5,7.4,39.0,60614
151,17031070200,4.7,75.4,3.7,9.0,5.7,35.3,15.4,71.6,20.7,1.3,35.1,60614
152,17031070300,7.8,76.1,2.5,9.0,5.0,27.0,38.1,80.9,20.1,4.0,37.7,60614
153,17031070400,0.0,71.2,5.8,9.9,7.5,23.7,9.0,80.7,23.1,2.2,34.1,60614
154,17031070500,0.0,75.5,5.0,8.7,6.8,32.5,32.1,74.3,21.2,4.7,33.4,60614
155,17031070600,1.1,80.3,3.7,7.7,5.4,27.4,56.4,82.0,21.2,0.3,39.0,60614
156,17031070700,20.0,73.1,4.6,9.2,6.6,22.7,31.9,81.1,23.7,5.0,32.7,60614
157,17031070700,20.0,73.1,4.6,9.2,6.6,22.7,31.9,81.1,23.7,5.0,32.7,60647
158,17031071000,1.9,74.7,2.3,11.0,5.2,24.9,35.9,81.1,18.3,5.6,36.3,60614
159,17031071100,0.0,75.9,3.4,9.9,5.6,39.1,35.7,80.5,19.6,4.5,38.0,60614
160,17031071200,0.0,75.4,5.2,8.9,6.7,29.7,18.1,81.6,22.6,0.8,35.9,60614
161,17031071300,2.4,79.4,3.9,8.0,5.4,28.1,27.4,84.6,20.5,6.2,40.8,60614
162,17031071400,23.4,75.7,5.5,8.7,6.9,38.7,10.0,80.1,22.8,5.4,37.0,60614
163,17031071500,0.0,80.6,4.0,7.6,5.4,25.0,28.7,81.2,20.9,4.1,41.2,60610
164,17031071500,0.0,80.6,4.0,7.6,5.4,25.0,28.7,81.2,20.9,4.1,41.2,60614
165,17031071600,10.0,77.7,5.8,8.3,7.0,38.1,25.5,80.3,23.3,2.4,37.8,60614
166,17031071700,0.0,79.3,5.4,7.9,6.5,21.2,51.6,82.3,23.3,6.4,40.2,60610
167,17031071700,0.0,79.3,5.4,7.9,6.5,21.2,51.6,82.3,23.3,6.4,40.2,60614
168,17031071800,0.0,79.2,5.2,7.9,6.4,20.7,47.5,80.3,23.7,3.5,39.4,60610
169,17031071800,0.0,79.2,5.2,7.9,6.4,20.7,47.5,80.3,23.7,3.5,39.4,60614
170,17031080100,0.0,79.1,7.3,7.4,7.7,26.2,35.3,86.5,22.3,10.8,40.0,60610
171,17031080201,0.0,76.6,7.0,8.3,8.7,32.3,19.8,,24.3,8.5,38.8,60610
172,17031080202,0.0,81.5,5.5,7.2,6.0,33.1,21.8,80.3,21.1,3.0,41.6,60610
173,17031080300,8.6,77.3,3.5,8.2,5.5,25.0,40.3,80.7,22.1,3.2,38.9,60610
174,17031080400,27.2,53.9,9.7,14.2,12.5,32.6,-10.3,,36.2,4.4,22.4,60610
175,17031081000,11.3,66.5,7.3,10.9,9.1,43.0,-18.2,79.3,24.5,5.4,30.9,60610
176,17031081100,0.0,70.9,5.6,9.8,7.6,33.5,-4.5,77.6,24.7,6.8,35.9,60610
177,17031081100,0.0,70.9,5.6,9.8,7.6,33.5,-4.5,77.6,24.7,6.8,35.9,60654
178,17031081201,0.0,80.1,5.9,7.5,6.4,38.7,25.0,85.4,20.2,2.3,39.9,60610
179,17031081201,0.0,80.1,5.9,7.5,6.4,38.7,25.0,85.4,20.2,2.3,39.9,60611
180,17031081202,0.0,81.0,8.2,6.8,7.9,34.5,41.9,90.0,22.0,6.6,40.7,60610
181,17031081202,0.0,81.0,8.2,6.8,7.9,34.5,41.9,90.0,22.0,6.6,40.7,60611
182,17031081300,0.0,79.4,8.5,6.8,7.9,29.4,20.1,85.6,22.0,5.8,39.2,60611
183,17031081401,0.0,75.6,8.0,7.7,8.0,47.0,4.6,80.7,21.8,6.4,37.1,60611
184,17031081402,0.0,78.5,5.4,7.4,6.2,33.0,37.0,80.7,20.7,4.9,39.9,60611
185,17031081403,0.0,77.7,4.4,7.5,5.4,35.5,28.0,80.2,19.9,4.0,39.8,60611
186,17031081500,0.0,77.6,4.8,7.6,5.8,35.7,25.3,84.8,20.9,1.8,39.8,60611
187,17031081600,5.5,75.9,4.2,8.1,5.7,32.2,28.1,80.1,21.4,0.9,38.6,60654
188,17031081700,0.0,77.5,3.9,7.7,5.2,32.9,28.7,,21.1,0.5,38.5,60654
189,17031081800,0.0,79.2,2.9,7.7,4.8,30.8,39.3,,20.6,1.4,41.4,60610
190,17031081800,0.0,79.2,2.9,7.7,4.8,30.8,39.3,,20.6,1.4,41.4,60654
191,17031081900,36.6,67.6,8.6,10.0,9.2,23.0,30.3,,30.1,10.7,29.9,60610
192,17031081900,36.6,67.6,8.6,10.0,9.2,23.0,30.3,,30.1,10.7,29.9,60654
193,17031090100,5.9,73.8,8.3,9.2,10.1,23.8,27.4,80.4,25.1,3.8,36.5,60631
194,17031090200,1.5,76.1,6.9,8.8,8.7,19.1,31.1,79.2,24.4,5.6,38.0,60068
195,17031090200,1.5,76.1,6.9,8.8,8.7,19.1,31.1,79.2,24.4,5.6,38.0,60631
196,17031090300,0.0,74.9,7.8,9.1,9.6,23.1,20.3,82.4,25.2,2.5,37.3,60068
197,17031090300,0.0,74.9,7.8,9.1,9.6,23.1,20.3,82.4,25.2,2.5,37.3,60631
198,17031100100,7.2,68.3,8.4,10.5,11.1,30.8,4.9,81.1,27.1,9.1,32.9,60646
199,17031100200,5.6,70.7,8.5,10.1,10.8,22.7,7.2,80.8,26.4,8.3,34.7,60631
200,17031100200,5.6,70.7,8.5,10.1,10.8,22.7,7.2,80.8,26.4,8.3,34.7,60646
201,17031100300,1.6,71.3,10.0,9.2,11.8,40.8,-1.3,79.8,24.7,5.9,32.0,60631
202,17031100300,1.6,71.3,10.0,9.2,11.8,40.8,-1.3,79.8,24.7,5.9,32.0,60646
203,17031100400,1.1,75.1,8.2,8.9,9.5,31.2,6.2,79.4,25.0,2.9,37.0,60631
204,17031100500,3.1,72.9,8.4,9.4,10.2,28.1,19.2,79.0,25.3,1.1,36.3,60631
205,17031100500,3.1,72.9,8.4,9.4,10.2,28.1,19.2,79.0,25.3,1.1,36.3,60656
206,17031100600,2.9,69.3,9.2,10.1,10.9,27.9,6.4,80.1,26.6,9.3,34.0,60630
207,17031100600,2.9,69.3,9.2,10.1,10.9,27.9,6.4,80.1,26.6,9.3,34.0,60656
208,17031100700,3.7,69.9,9.2,9.6,11.3,28.1,14.9,81.4,26.1,8.5,33.9,60630
209,17031100700,3.7,69.9,9.2,9.6,11.3,28.1,14.9,81.4,26.1,8.5,33.9,60656
210,17031110100,9.0,65.4,8.8,11.3,12.0,35.0,-2.4,82.3,28.0,10.9,32.5,60630
211,17031110100,9.0,65.4,8.8,11.3,12.0,35.0,-2.4,82.3,28.0,10.9,32.5,60646
212,17031110200,8.8,68.4,8.5,10.1,10.5,32.3,0.6,78.7,25.6,17.5,33.3,60630
213,17031110300,14.8,65.8,9.5,10.9,11.9,32.5,11.4,80.2,27.4,10.9,32.2,60630
214,17031110400,4.0,66.1,8.9,10.7,11.3,38.3,1.1,80.4,27.5,14.5,32.3,60630
215,17031110501,2.4,70.4,8.3,9.6,9.8,29.0,15.9,78.5,25.5,12.3,34.8,60630
216,17031110502,13.0,64.3,8.1,11.3,11.3,39.8,-4.2,79.9,27.8,11.5,31.3,60630
217,17031120100,0.9,78.9,7.7,7.8,8.5,24.7,40.9,82.0,23.5,3.2,39.0,60646
218,17031120100,0.9,78.9,7.7,7.8,8.5,24.7,40.9,82.0,23.5,3.2,39.0,60714
219,17031120200,6.3,77.0,8.4,8.1,8.9,29.8,32.3,86.9,23.3,3.2,38.8,60646
220,17031120300,1.5,77.8,8.0,7.5,8.2,20.9,37.0,81.8,22.3,6.2,38.6,60646
221,17031120300,1.5,77.8,8.0,7.5,8.2,20.9,37.0,81.8,22.3,6.2,38.6,60659
222,17031120400,3.1,67.1,9.4,10.1,10.8,33.0,16.3,,27.0,5.5,32.8,60630
223,17031130100,15.6,61.7,15.0,9.5,13.8,43.3,-19.1,84.8,24.2,5.9,28.7,60646
224,17031130100,15.6,61.7,15.0,9.5,13.8,43.3,-19.1,84.8,24.2,5.9,28.7,60659
225,17031130200,0.0,74.5,8.6,8.2,9.1,27.8,10.1,83.3,24.3,5.0,36.5,60630
226,17031130200,0.0,74.5,8.6,8.2,9.1,27.8,10.1,83.3,24.3,5.0,36.5,60646
227,17031130300,28.8,65.3,10.3,9.9,9.8,43.4,-5.2,84.7,23.9,16.0,31.9,60659
228,17031140100,45.9,45.2,9.2,15.4,13.8,54.4,-23.0,78.0,32.9,26.4,22.3,60625
229,17031140200,28.0,58.3,8.6,12.4,10.1,45.6,-19.1,79.2,26.3,23.5,25.5,60625
230,17031140301,34.9,49.1,11.5,13.1,12.9,48.6,-20.0,,29.3,36.5,23.9,60625
231,17031140302,26.5,59.8,10.2,10.5,11.0,36.9,12.5,77.3,26.4,15.7,27.3,60625
232,17031140302,26.5,59.8,10.2,10.5,11.0,36.9,12.5,77.3,26.4,15.7,27.3,60630
233,17031140400,21.1,65.3,9.8,10.1,10.4,34.1,7.5,87.3,25.7,13.1,31.7,60630
234,17031140500,20.6,61.0,9.2,11.2,10.9,40.6,1.7,84.2,28.8,20.3,30.0,60630
235,17031140500,20.6,61.0,9.2,11.2,10.9,40.6,1.7,84.2,28.8,20.3,30.0,60641
236,17031140601,10.6,56.8,10.5,11.7,11.7,42.2,-22.4,84.7,28.3,25.6,27.1,60618
237,17031140601,10.6,56.8,10.5,11.7,11.7,42.2,-22.4,84.7,28.3,25.6,27.1,60625
238,17031140601,10.6,56.8,10.5,11.7,11.7,42.2,-22.4,84.7,28.3,25.6,27.1,60630
239,17031140602,47.7,51.9,9.0,13.0,12.1,41.7,-9.4,78.2,31.6,24.5,24.9,60618
240,17031140602,47.7,51.9,9.0,13.0,12.1,41.7,-9.4,78.2,31.6,24.5,24.9,60625
241,17031140701,21.4,61.8,7.6,10.4,9.0,39.2,-3.7,,27.7,24.4,29.0,60625
242,17031140702,48.4,52.4,9.5,13.1,12.3,42.2,-7.8,78.5,31.6,29.4,25.2,60618
243,17031140702,48.4,52.4,9.5,13.1,12.3,42.2,-7.8,78.5,31.6,29.4,25.2,60625
244,17031140800,26.0,64.0,7.7,10.6,9.8,30.2,7.3,81.3,27.7,19.4,30.5,60618
245,17031140800,26.0,64.0,7.7,10.6,9.8,30.2,7.3,81.3,27.7,19.4,30.5,60625
246,17031150200,16.6,62.3,8.5,11.8,11.7,35.6,-1.8,77.7,29.7,18.0,30.7,60630
247,17031150200,16.6,62.3,8.5,11.8,11.7,35.6,-1.8,77.7,29.7,18.0,30.7,60641
248,17031150300,24.2,68.6,8.4,10.3,10.4,32.2,6.1,82.9,27.1,12.1,33.6,60630
249,17031150300,24.2,68.6,8.4,10.3,10.4,32.2,6.1,82.9,27.1,12.1,33.6,60634
250,17031150300,24.2,68.6,8.4,10.3,10.4,32.2,6.1,82.9,27.1,12.1,33.6,60641
251,17031150401,15.7,64.9,8.9,11.2,11.7,27.8,5.9,77.2,28.2,11.6,31.4,60630
252,17031150401,15.7,64.9,8.9,11.2,11.7,27.8,5.9,77.2,28.2,11.6,31.4,60634
253,17031150402,10.9,64.2,8.5,11.3,11.5,37.6,8.6,76.4,28.6,19.1,31.4,60634
254,17031150501,9.7,67.3,8.6,10.6,11.3,34.2,4.3,82.0,27.1,12.5,33.1,60630
255,17031150501,9.7,67.3,8.6,10.6,11.3,34.2,4.3,82.0,27.1,12.5,33.1,60634
256,17031150501,9.7,67.3,8.6,10.6,11.3,34.2,4.3,82.0,27.1,12.5,33.1,60706
257,17031150502,20.2,61.9,9.5,11.9,12.5,43.0,-3.8,80.0,29.8,11.3,30.5,60634
258,17031150600,13.5,64.3,8.0,11.3,11.2,33.4,3.3,75.8,29.0,11.9,31.7,60634
259,17031150700,22.9,60.5,9.3,11.9,12.6,38.7,7.1,80.6,30.6,14.0,29.5,60634
260,17031150700,22.9,60.5,9.3,11.9,12.6,38.7,7.1,80.6,30.6,14.0,29.5,60641
261,17031150800,7.4,60.4,8.9,12.0,11.9,38.9,1.9,79.0,30.1,25.1,29.4,60641
262,17031151001,34.8,53.7,10.4,13.3,14.2,44.2,-19.2,83.0,32.9,19.2,25.7,60641
263,17031151002,11.8,57.6,9.7,12.3,12.4,44.1,-9.8,77.1,31.6,24.3,28.3,60641
264,17031151100,27.8,56.8,10.3,13.0,13.9,39.8,-11.1,81.6,31.4,21.9,28.0,60634
265,17031151100,27.8,56.8,10.3,13.0,13.9,39.8,-11.1,81.6,31.4,21.9,28.0,60641
266,17031151200,11.1,60.7,9.9,11.8,12.8,41.3,-5.9,79.6,29.9,13.7,29.6,60634
267,17031160100,3.0,62.5,8.9,11.5,11.8,31.9,0.4,80.4,28.7,13.5,30.9,60630
268,17031160200,4.9,71.4,7.8,9.4,9.1,34.1,6.6,78.4,26.1,8.7,34.3,60630
269,17031160200,4.9,71.4,7.8,9.4,9.1,34.1,6.6,78.4,26.1,8.7,34.3,60641
270,17031160300,19.8,62.4,7.9,11.3,10.9,28.5,-4.3,79.2,28.9,19.0,30.6,60641
271,17031160400,27.9,59.1,8.7,12.1,11.8,41.5,-1.9,79.7,30.7,15.5,29.1,60618
272,17031160400,27.9,59.1,8.7,12.1,11.8,41.5,-1.9,79.7,30.7,15.5,29.1,60641
273,17031160501,21.6,55.7,9.3,12.2,11.9,39.4,-0.2,82.3,30.7,24.3,26.9,60618
274,17031160502,14.8,55.9,8.8,12.5,11.6,38.4,-4.0,79.1,31.2,24.2,26.9,60618
275,17031160601,12.7,61.5,7.2,12.0,10.4,40.0,1.2,81.4,29.0,20.3,29.8,60618
276,17031160602,9.8,60.9,8.2,11.8,10.5,44.3,-6.2,77.9,29.4,14.3,28.6,60618
277,17031160700,15.1,63.7,10.0,10.4,10.8,33.4,15.3,81.7,27.8,24.2,29.8,60618
278,17031160800,8.0,65.4,8.3,10.2,9.6,36.9,1.8,79.0,27.8,19.2,31.5,60618
279,17031160900,15.4,71.7,7.8,9.3,9.1,32.3,9.7,79.6,26.6,4.7,34.8,60618
280,17031160900,15.4,71.7,7.8,9.3,9.1,32.3,9.7,79.6,26.6,4.7,34.8,60641
281,17031161000,12.1,71.1,6.9,9.9,9.1,36.2,12.5,81.4,26.6,7.0,34.7,60641
282,17031161100,3.1,76.3,6.4,8.3,7.7,29.0,36.7,75.4,24.7,1.6,38.2,60641
283,17031161200,14.4,58.2,9.6,11.7,11.9,45.6,1.1,77.3,30.7,22.7,27.8,60641
284,17031161300,15.5,55.1,10.2,12.8,13.3,42.4,-9.3,78.6,32.6,32.2,27.1,60641
285,17031170100,37.6,62.6,13.6,10.4,15.5,49.9,-27.8,79.6,28.1,7.1,29.2,60634
286,17031170200,19.0,64.1,9.1,11.6,11.9,33.7,12.2,81.1,28.3,20.8,31.9,60634
287,17031170300,19.9,63.6,9.3,11.3,12.0,35.8,2.9,80.9,28.9,10.9,30.9,60634
288,17031170400,15.0,61.9,9.4,12.0,13.0,36.2,-10.3,79.0,29.7,12.4,30.9,60634
289,17031170500,9.3,70.0,8.5,10.3,10.6,28.1,2.4,80.9,27.2,13.2,34.5,60634
290,17031170600,4.4,66.5,9.2,11.2,12.2,32.9,-3.6,83.5,27.9,9.2,32.2,60634
291,17031170700,4.4,65.5,8.4,11.3,12.0,32.4,3.6,77.9,28.4,7.8,32.4,60634
292,17031170800,1.5,63.5,9.0,11.9,12.2,38.8,-9.7,78.9,28.8,15.2,31.5,60634
293,17031170900,0.0,63.0,9.9,11.7,12.1,44.6,-11.2,78.7,28.9,14.3,31.5,60634
294,17031170900,0.0,63.0,9.9,11.7,12.1,44.6,-11.2,78.7,28.9,14.3,31.5,60707
295,17031171000,6.4,61.9,9.8,12.1,13.0,37.8,2.5,79.0,29.7,24.3,30.4,60634
296,17031171100,13.1,66.8,8.7,10.5,10.6,34.4,1.1,76.8,27.2,9.4,32.4,60634
297,17031180100,24.5,61.9,10.3,11.6,12.5,34.9,-4.6,77.2,29.7,18.9,29.9,60634
298,17031180100,24.5,61.9,10.3,11.6,12.5,34.9,-4.6,77.2,29.7,18.9,29.9,60707
299,17031190100,39.5,45.7,12.7,14.4,16.2,56.6,-31.9,76.0,36.1,22.5,21.9,60639
300,17031190100,39.5,45.7,12.7,14.4,16.2,56.6,-31.9,76.0,36.1,22.5,21.9,60641
301,17031190200,24.4,48.7,11.2,14.0,15.0,57.3,-9.4,82.3,34.7,15.9,24.4,60639
302,17031190200,24.4,48.7,11.2,14.0,15.0,57.3,-9.4,82.3,34.7,15.9,24.4,60641
303,17031190300,31.2,56.2,11.0,12.5,13.3,52.7,-19.8,80.2,32.3,23.3,27.3,60634
304,17031190300,31.2,56.2,11.0,12.5,13.3,52.7,-19.8,80.2,32.3,23.3,27.3,60639
305,17031190300,31.2,56.2,11.0,12.5,13.3,52.7,-19.8,80.2,32.3,23.3,27.3,60641
306,17031190401,25.6,59.8,10.7,11.3,12.0,48.6,-2.4,78.5,30.5,14.3,29.2,60634
307,17031190401,25.6,59.8,10.7,11.3,12.0,48.6,-2.4,78.5,30.5,14.3,29.2,60639
308,17031190402,16.4,51.9,11.4,13.3,14.4,40.2,-6.1,85.9,33.5,25.3,25.3,60634
309,17031190402,16.4,51.9,11.4,13.3,14.4,40.2,-6.1,85.9,33.5,25.3,25.3,60639
310,17031190601,29.7,53.7,10.5,12.4,12.8,50.6,-5.8,79.6,33.1,17.6,25.2,60639
311,17031190602,26.9,54.5,11.3,12.4,13.2,47.1,-8.7,75.8,32.6,23.9,26.2,60639
312,17031190701,32.1,50.2,10.7,13.5,13.9,45.4,-21.9,77.4,34.6,26.0,24.2,60639
313,17031190702,53.9,44.1,12.2,15.2,15.9,57.2,-18.8,80.5,36.4,24.3,22.1,60639
314,17031190800,22.7,49.8,11.7,13.4,14.2,48.4,-20.6,82.1,34.6,24.0,24.1,60639
315,17031190900,33.5,49.8,13.7,12.9,14.9,50.1,-24.6,82.0,35.1,21.3,23.4,60639
316,17031191000,38.9,47.9,12.0,13.9,14.8,44.4,-8.6,77.4,35.4,19.6,22.0,60639
317,17031191100,29.7,44.8,11.6,14.7,15.2,51.2,-21.5,79.2,36.5,24.4,21.6,60639
318,17031191200,48.2,38.2,11.5,16.7,17.0,54.8,-19.1,76.0,38.5,29.0,19.0,60639
319,17031191301,25.4,43.9,13.2,14.7,15.8,53.4,-20.0,77.1,36.6,23.9,21.2,60639
320,17031191302,25.2,43.1,11.9,15.0,15.7,53.2,-14.7,80.3,37.3,20.0,21.2,60639
321,17031200100,4.3,56.0,10.7,12.0,12.8,46.6,-8.1,81.6,32.2,16.5,26.6,60639
322,17031200100,4.3,56.0,10.7,12.0,12.8,46.6,-8.1,81.6,32.2,16.5,26.6,60641
323,17031200200,33.7,46.4,12.1,14.1,15.3,58.1,-18.6,78.5,36.6,19.4,21.5,60639
324,17031200300,62.2,42.4,12.9,15.5,16.9,55.6,-11.8,76.0,37.9,25.3,20.1,60639
325,17031200401,40.5,41.7,13.0,15.7,16.5,55.8,-30.4,75.6,37.4,32.0,20.5,60639
326,17031200402,30.1,47.2,11.9,13.9,14.5,55.1,-24.1,,36.4,24.1,21.8,60639
327,17031200402,30.1,47.2,11.9,13.9,14.5,55.1,-24.1,,36.4,24.1,21.8,60647
328,17031210100,16.7,57.7,8.2,12.1,11.5,46.0,-7.5,79.4,31.0,15.3,27.6,60618
329,17031210400,46.3,53.9,10.9,12.4,13.4,47.8,-15.4,83.3,33.2,28.6,24.7,60639
330,17031210400,46.3,53.9,10.9,12.4,13.4,47.8,-15.4,83.3,33.2,28.6,24.7,60641
331,17031210501,25.3,50.0,10.6,14.3,14.6,44.6,-13.8,77.4,34.1,36.0,25.8,60618
332,17031210501,25.3,50.0,10.6,14.3,14.6,44.6,-13.8,77.4,34.1,36.0,25.8,60641
333,17031210502,41.8,47.4,11.4,14.8,15.5,50.8,-18.0,80.5,35.4,29.0,24.3,60618
334,17031210502,41.8,47.4,11.4,14.8,15.5,50.8,-18.0,80.5,35.4,29.0,24.3,60641
335,17031210502,41.8,47.4,11.4,14.8,15.5,50.8,-18.0,80.5,35.4,29.0,24.3,60647
336,17031210601,0.0,58.1,9.1,12.0,11.4,38.9,-12.3,78.5,30.1,19.4,27.5,60618
337,17031210602,32.7,56.8,8.8,11.8,11.1,40.2,-5.2,77.9,31.5,22.3,26.4,60618
338,17031210602,32.7,56.8,8.8,11.8,11.1,40.2,-5.2,77.9,31.5,22.3,26.4,60647
339,17031210700,45.3,55.3,9.3,12.5,11.8,36.2,-4.3,81.8,31.8,15.8,25.6,60618
340,17031210700,45.3,55.3,9.3,12.5,11.8,36.2,-4.3,81.8,31.8,15.8,25.6,60647
341,17031210800,4.3,61.9,7.0,11.0,9.7,31.2,16.7,,29.4,22.6,27.3,60618
342,17031210800,4.3,61.9,7.0,11.0,9.7,31.2,16.7,,29.4,22.6,27.3,60647
343,17031210900,31.4,57.8,8.1,12.2,11.3,50.8,-7.8,79.2,30.7,19.9,27.5,60618
344,17031210900,31.4,57.8,8.1,12.2,11.3,50.8,-7.8,79.2,30.7,19.9,27.5,60647
345,17031220300,13.8,70.6,5.7,9.7,7.8,25.8,19.8,78.9,25.9,6.9,32.4,60647
346,17031220400,2.6,71.0,6.0,9.6,7.9,27.1,18.1,79.3,24.8,12.0,32.5,60647
347,17031220500,0.0,71.5,4.9,9.4,7.0,35.4,16.1,79.4,24.5,10.5,32.0,60647
348,17031220601,36.7,61.7,7.6,11.4,9.9,46.2,-5.1,78.0,29.5,14.2,26.7,60647
349,17031220602,44.3,63.0,7.3,11.2,9.3,45.9,-15.7,80.7,28.5,12.3,28.4,60647
350,17031220701,19.4,59.4,7.5,11.1,10.3,24.5,14.3,80.1,30.8,19.3,26.9,60647
351,17031220702,13.0,56.5,8.6,12.4,11.4,42.7,-8.4,78.2,32.3,18.8,26.4,60639
352,17031220702,13.0,56.5,8.6,12.4,11.4,42.7,-8.4,78.2,32.3,18.8,26.4,60647
353,17031220901,47.9,39.4,13.7,16.2,18.1,44.4,-27.2,78.6,40.6,16.1,18.5,60639
354,17031220901,47.9,39.4,13.7,16.2,18.1,44.4,-27.2,78.6,40.6,16.1,18.5,60647
355,17031220902,29.9,49.6,10.4,13.3,13.6,48.5,-13.6,84.1,35.7,21.4,22.6,60647
356,17031221000,40.8,50.9,8.8,13.7,12.4,61.0,-18.6,76.8,34.4,16.4,22.8,60647
357,17031221100,41.9,56.1,9.6,12.4,11.7,43.1,-11.2,74.4,32.5,20.9,24.8,60647
358,17031221200,15.8,62.7,6.1,11.4,8.8,37.2,10.3,76.3,28.4,12.5,27.9,60647
359,17031221300,31.5,65.1,6.4,10.6,8.3,32.8,-8.9,81.2,27.5,16.3,29.8,60647
360,17031221400,12.6,64.0,6.8,10.4,8.7,37.6,11.2,80.9,28.4,15.5,28.2,60647
361,17031221500,6.4,63.6,8.4,10.7,10.0,37.1,-8.9,80.0,28.7,10.1,28.2,60647
362,17031221600,0.0,74.4,4.0,8.8,6.1,29.2,34.7,81.3,23.3,5.2,33.9,60647
363,17031222200,0.0,77.6,3.3,8.0,5.2,28.6,47.4,79.9,21.9,5.1,35.9,60647
364,17031222500,33.9,54.8,8.4,12.7,11.3,39.7,-3.6,,32.6,13.3,24.3,60647
365,17031222600,9.8,63.7,6.2,11.0,9.0,36.0,0.3,,29.3,13.4,28.8,60647
366,17031222700,36.1,50.1,9.5,13.6,13.1,40.0,-7.2,,35.7,13.4,22.7,60647
367,17031222800,28.6,43.9,10.0,15.7,15.6,53.2,-24.1,76.8,38.3,18.5,17.8,60647
368,17031222900,17.9,54.2,10.3,12.2,12.0,53.0,-12.7,,33.7,15.9,24.1,60647
369,17031230100,53.6,54.6,10.6,12.7,12.3,43.4,-16.9,77.3,34.4,12.6,22.8,60647
370,17031230200,20.2,44.4,12.1,15.3,15.6,43.5,-17.9,76.8,38.1,24.0,20.1,60647
371,17031230300,16.5,44.8,11.5,14.6,14.6,45.2,-22.1,,36.9,18.1,20.3,60647
372,17031230400,16.7,50.5,10.9,13.3,13.7,40.9,-12.1,,34.9,28.6,22.9,60639
373,17031230400,16.7,50.5,10.9,13.3,13.7,40.9,-12.1,,34.9,28.6,22.9,60647
374,17031230500,59.1,42.2,15.6,15.1,16.9,50.5,-32.1,75.6,38.9,21.0,19.4,60639
375,17031230600,45.0,40.2,13.6,16.0,16.9,51.4,-31.0,73.8,41.9,23.1,19.6,60639
376,17031230600,45.0,40.2,13.6,16.0,16.9,51.4,-31.0,73.8,41.9,23.1,19.6,60651
377,17031230700,28.8,42.7,12.8,15.2,16.2,49.0,-26.0,76.2,38.6,27.0,19.9,60647
378,17031230700,28.8,42.7,12.8,15.2,16.2,49.0,-26.0,76.2,38.6,27.0,19.9,60651
379,17031230800,12.7,54.1,11.6,12.1,12.9,35.3,4.9,78.9,34.0,15.5,24.0,60647
380,17031230800,12.7,54.1,11.6,12.1,12.9,35.3,4.9,78.9,34.0,15.5,24.0,60651
381,17031230900,63.0,50.0,11.8,13.7,13.8,50.3,-22.9,79.2,36.5,18.2,22.3,60647
382,17031230900,63.0,50.0,11.8,13.7,13.8,50.3,-22.9,79.2,36.5,18.2,22.3,60651
383,17031231100,33.1,45.6,15.1,14.5,15.6,46.4,-22.9,74.2,42.3,9.4,21.1,60651
384,17031231200,51.4,40.2,15.6,16.8,17.8,49.1,-40.7,70.2,44.1,25.0,19.3,60651
385,17031231500,42.9,34.0,19.8,18.3,21.2,58.2,-38.3,70.2,48.7,27.7,17.1,60624
386,17031231500,42.9,34.0,19.8,18.3,21.2,58.2,-38.3,70.2,48.7,27.7,17.1,60651
387,17031240200,1.8,73.5,4.9,8.7,6.7,24.6,31.0,81.3,23.2,2.8,34.5,60622
388,17031240300,5.0,76.9,3.6,8.4,5.7,28.8,42.8,82.0,21.7,2.8,38.7,60622
389,17031240300,5.0,76.9,3.6,8.4,5.7,28.8,42.8,82.0,21.7,2.8,38.7,60647
390,17031240500,3.7,79.4,2.2,7.7,4.2,25.2,56.3,,20.2,2.8,38.5,60647
391,17031240600,9.0,67.3,5.4,10.0,7.9,33.4,31.1,,27.0,10.6,29.1,60647
392,17031240700,45.4,60.2,8.6,11.3,10.2,45.6,-4.8,,30.7,8.3,25.2,60647
393,17031240800,29.0,51.2,10.0,13.3,13.5,44.0,-15.7,77.1,35.8,22.8,22.3,60647
394,17031240900,43.3,58.3,10.6,11.4,11.5,49.1,-22.5,78.4,32.2,20.2,26.0,60622
395,17031240900,43.3,58.3,10.6,11.4,11.5,49.1,-22.5,78.4,32.2,20.2,26.0,60647
396,17031240900,43.3,58.3,10.6,11.4,11.5,49.1,-22.5,78.4,32.2,20.2,26.0,60651
397,17031241000,51.4,53.7,10.7,12.9,13.0,39.9,-11.9,70.8,33.4,11.3,22.3,60622
398,17031241000,51.4,53.7,10.7,12.9,13.0,39.9,-11.9,70.8,33.4,11.3,22.3,60647
399,17031241100,59.9,62.3,6.2,11.3,8.7,36.7,5.6,76.4,29.1,11.3,27.4,60622
400,17031241100,59.9,62.3,6.2,11.3,8.7,36.7,5.6,76.4,29.1,11.3,27.4,60647
401,17031241200,8.2,67.3,5.8,10.4,8.2,22.2,23.0,82.7,25.1,5.6,28.6,60622
402,17031241200,8.2,67.3,5.8,10.4,8.2,22.2,23.0,82.7,25.1,5.6,28.6,60647
403,17031241300,48.5,71.5,4.6,9.6,6.7,27.4,38.8,81.1,24.3,4.2,34.0,60622
404,17031241300,48.5,71.5,4.6,9.6,6.7,27.4,38.8,81.1,24.3,4.2,34.0,60647
405,17031241400,2.5,74.3,4.1,8.9,5.9,34.4,19.2,81.1,22.4,2.9,35.4,60622
406,17031241400,2.5,74.3,4.1,8.9,5.9,34.4,19.2,81.1,22.4,2.9,35.4,60647
407,17031241500,31.8,73.5,3.1,9.0,5.5,24.9,39.3,,22.6,5.1,34.5,60622
408,17031241600,11.5,70.1,3.7,9.8,6.2,29.7,27.5,82.2,23.3,9.5,34.6,60622
409,17031241600,11.5,70.1,3.7,9.8,6.2,29.7,27.5,82.2,23.3,9.5,34.6,60642
410,17031242000,26.3,64.3,7.8,10.7,9.1,37.4,-0.6,77.2,28.0,10.6,29.6,60622
411,17031242000,26.3,64.3,7.8,10.7,9.1,37.4,-0.6,77.2,28.0,10.6,29.6,60642
412,17031242100,2.0,75.8,3.5,8.3,5.4,20.7,43.3,75.9,22.0,7.5,36.4,60622
413,17031242200,10.0,72.9,3.4,9.2,6.0,30.4,29.9,,23.1,1.9,33.5,60622
414,17031242300,9.1,76.0,3.8,8.6,6.0,21.7,18.7,82.3,22.3,3.3,37.0,60622
415,17031242400,16.8,70.1,5.0,10.4,8.1,31.8,8.9,82.9,24.3,8.4,32.3,60622
416,17031242500,24.5,63.5,6.9,11.5,9.7,40.5,-8.0,80.7,28.6,15.5,29.1,60622
417,17031242600,13.1,59.9,7.8,12.0,10.8,33.7,1.6,77.8,30.7,16.6,26.7,60622
418,17031242700,32.7,50.2,9.9,14.4,13.5,50.9,-33.4,,36.4,13.9,22.6,60622
419,17031242800,0.0,67.4,6.8,10.8,9.9,32.8,15.6,80.4,27.6,10.6,32.2,60612
420,17031242800,0.0,67.4,6.8,10.8,9.9,32.8,15.6,80.4,27.6,10.6,32.2,60622
421,17031242900,5.4,69.5,5.7,10.1,8.4,32.6,11.6,75.8,26.2,17.0,32.9,60612
422,17031242900,5.4,69.5,5.7,10.1,8.4,32.6,11.6,75.8,26.2,17.0,32.9,60622
423,17031243000,8.5,68.1,5.8,10.4,8.3,29.9,11.8,77.9,26.2,11.2,32.7,60612
424,17031243000,8.5,68.1,5.8,10.4,8.3,29.9,11.8,77.9,26.2,11.2,32.7,60622
425,17031243100,0.0,63.2,6.5,11.1,9.6,35.4,22.9,85.6,27.8,10.1,29.5,60622
426,17031243200,21.0,71.9,4.9,8.9,6.7,18.6,35.9,73.2,25.0,7.2,34.2,60622
427,17031243300,22.1,69.6,4.6,10.1,7.4,31.5,16.7,,25.2,15.3,33.9,60642
428,17031243400,47.7,67.4,5.7,10.1,7.9,32.0,20.7,81.2,26.5,6.7,30.9,60642
429,17031243500,13.4,73.8,3.7,8.9,6.0,31.2,32.1,,24.0,4.2,35.7,60642
430,17031250200,33.4,46.0,14.1,14.8,15.9,53.5,-20.2,75.7,41.4,20.7,21.1,60639
431,17031250300,50.2,43.8,15.4,15.4,16.4,62.3,-32.5,74.3,43.7,14.0,20.0,60639
432,17031250400,48.0,49.3,15.1,14.1,15.0,48.0,-24.8,76.1,42.8,14.0,22.7,60639
433,17031250500,20.7,66.3,10.4,10.3,11.0,38.6,3.3,78.3,31.4,6.6,31.3,60639
434,17031250500,20.7,66.3,10.4,10.3,11.0,38.6,3.3,78.3,31.4,6.6,31.3,60707
435,17031250600,17.4,50.7,15.5,13.6,14.7,48.9,-14.4,77.7,41.4,20.7,23.0,60639
436,17031250600,17.4,50.7,15.5,13.6,14.7,48.9,-14.4,77.7,41.4,20.7,23.0,60651
437,17031250700,38.6,44.5,15.7,15.2,16.7,49.9,-37.2,69.6,45.3,17.5,20.5,60639
438,17031250700,38.6,44.5,15.7,15.2,16.7,49.9,-37.2,69.6,45.3,17.5,20.5,60651
439,17031250800,61.5,43.3,17.3,15.2,17.0,54.9,-27.5,74.3,44.2,16.2,20.3,60639
440,17031250800,61.5,43.3,17.3,15.2,17.0,54.9,-27.5,74.3,44.2,16.2,20.3,60651
441,17031251000,14.5,49.2,12.9,14.0,13.9,45.5,-24.1,,41.7,18.2,23.2,60651
442,17031251100,59.7,40.0,19.0,16.2,18.7,59.4,-53.5,72.0,46.0,14.7,19.3,60651
443,17031251200,40.5,46.6,17.1,14.5,16.1,52.6,-8.2,75.5,44.0,15.4,21.7,60651
444,17031251300,33.1,45.2,16.9,15.0,16.6,59.8,-38.2,71.2,44.7,20.4,21.0,60651
445,17031251400,48.7,48.1,17.2,14.2,16.4,55.8,-34.8,73.3,43.8,18.6,22.2,60644
446,17031251400,48.7,48.1,17.2,14.2,16.4,55.8,-34.8,73.3,43.8,18.6,22.2,60651
447,17031251500,51.4,37.8,18.3,17.3,19.1,56.2,-52.8,72.0,47.4,30.3,18.7,60644
448,17031251500,51.4,37.8,18.3,17.3,19.1,56.2,-52.8,72.0,47.4,30.3,18.7,60651
449,17031251600,23.7,40.1,19.4,16.4,18.3,44.5,-28.8,69.3,46.9,16.6,19.3,60644
450,17031251600,23.7,40.1,19.4,16.4,18.3,44.5,-28.8,69.3,46.9,16.6,19.3,60651
451,17031251700,60.5,38.7,15.8,17.1,18.2,53.9,-33.1,74.1,45.9,24.5,19.4,60644
452,17031251700,60.5,38.7,15.8,17.1,18.2,53.9,-33.1,74.1,45.9,24.5,19.4,60651
453,17031251800,43.9,34.7,19.0,18.3,20.4,63.7,-47.6,69.9,49.0,16.1,17.7,60644
454,17031251900,59.6,35.4,17.7,18.4,19.6,67.0,-56.0,69.3,48.8,17.9,17.5,60644
455,17031252000,38.4,38.6,18.7,17.0,18.9,64.6,-47.9,72.7,47.9,16.2,18.3,60644
456,17031252101,42.2,41.5,20.6,15.6,18.8,50.7,-48.5,73.8,46.9,27.6,18.9,60644
457,17031252102,42.0,44.4,16.7,15.3,16.7,53.2,-27.6,70.4,45.4,16.6,21.0,60644
458,17031252201,57.0,43.0,20.0,15.1,18.8,51.9,-40.4,73.2,45.5,21.5,19.8,60644
459,17031252202,39.7,39.4,19.5,16.7,18.7,45.6,-44.3,69.3,46.9,14.5,19.1,60624
460,17031252202,39.7,39.4,19.5,16.7,18.7,45.6,-44.3,69.3,46.9,14.5,19.1,60644
461,17031260100,68.6,32.6,20.6,18.2,22.1,66.5,-67.2,72.4,50.3,14.9,16.8,60624
462,17031260200,49.7,36.9,17.7,17.7,19.2,57.4,-32.7,65.4,48.4,18.5,17.7,60624
463,17031260300,41.9,40.0,17.6,16.4,17.9,45.7,-47.8,65.4,46.1,21.0,19.1,60624
464,17031260400,54.2,28.0,21.4,20.7,23.9,46.3,-56.7,70.3,51.5,12.4,15.6,60624
465,17031260500,59.6,41.5,16.2,16.3,17.0,48.6,-35.6,70.1,45.2,21.6,19.6,60624
466,17031260600,70.4,35.7,20.3,17.9,20.1,56.8,-52.3,72.0,47.9,13.8,17.9,60624
467,17031260700,79.1,32.9,19.1,19.2,21.1,67.7,-54.1,71.1,49.0,15.7,16.3,60624
468,17031260800,62.1,36.6,19.3,17.8,20.1,55.2,-52.9,70.9,48.4,16.3,17.8,60624
469,17031260900,49.3,38.2,17.3,17.4,18.3,55.7,-55.7,,47.3,15.4,17.8,60624
470,17031261000,54.0,37.7,19.3,17.3,19.5,53.1,-47.5,71.3,47.5,20.5,18.0,60624
471,17031270500,57.9,34.7,19.2,18.2,20.6,46.4,-55.4,71.3,48.6,9.3,17.2,60624
472,17031271200,55.2,37.9,17.0,17.3,18.8,61.7,-45.0,73.1,47.5,13.0,19.3,60612
473,17031271300,77.4,37.7,17.6,17.7,18.6,57.2,-41.9,72.5,47.5,9.8,17.5,60612
474,17031271300,77.4,37.7,17.6,17.7,18.6,57.2,-41.9,72.5,47.5,9.8,17.5,60624
475,17031271400,52.2,42.1,16.8,16.2,17.1,58.5,-46.3,68.6,45.9,11.3,20.3,60624
476,17031271500,48.8,38.7,18.3,17.2,19.2,53.6,-43.7,,48.8,8.3,18.0,60624
477,17031271800,96.7,30.3,21.0,19.4,21.7,49.3,-72.3,69.5,51.8,14.6,15.6,60612
478,17031280100,0.0,79.0,2.9,7.4,4.6,24.8,47.0,,19.8,1.6,41.6,60606
479,17031280100,0.0,79.0,2.9,7.4,4.6,24.8,47.0,,19.8,1.6,41.6,60654
480,17031280100,0.0,79.0,2.9,7.4,4.6,24.8,47.0,,19.8,1.6,41.6,60661
481,17031280400,52.0,36.9,15.1,19.2,18.8,52.3,-40.6,69.8,46.6,7.5,17.0,60607
482,17031280400,52.0,36.9,15.1,19.2,18.8,52.3,-40.6,69.8,46.6,7.5,17.0,60612
483,17031280800,44.6,43.7,18.7,14.8,17.3,54.0,-50.4,73.8,44.5,19.2,20.4,60612
484,17031280900,58.6,40.3,13.1,18.0,16.6,47.6,-54.6,,44.8,4.8,17.7,60612
485,17031281900,7.5,73.9,3.2,8.0,4.7,30.1,14.6,,18.7,5.1,36.3,60606
486,17031281900,7.5,73.9,3.2,8.0,4.7,30.1,14.6,,18.7,5.1,36.3,60607
487,17031281900,7.5,73.9,3.2,8.0,4.7,30.1,14.6,,18.7,5.1,36.3,60661
488,17031282700,37.5,52.3,8.7,13.5,11.7,32.2,-2.3,74.3,33.9,9.1,23.4,60608
489,17031282700,37.5,52.3,8.7,13.5,11.7,32.2,-2.3,74.3,33.9,9.1,23.4,60612
490,17031282800,5.2,64.5,6.7,10.2,8.0,48.5,-7.7,81.7,27.1,3.0,29.3,60608
491,17031282800,5.2,64.5,6.7,10.2,8.0,48.5,-7.7,81.7,27.1,3.0,29.3,60612
492,17031283100,28.8,62.9,7.2,10.5,8.1,51.6,-19.5,76.3,24.6,9.0,26.6,60607
493,17031283200,18.9,65.4,6.4,10.7,8.4,40.2,6.5,,28.0,2.6,30.2,60607
494,17031283200,18.9,65.4,6.4,10.7,8.4,40.2,6.5,,28.0,2.6,30.2,60608
495,17031283800,19.9,60.2,9.6,11.2,10.2,42.7,-6.6,76.2,31.3,13.5,25.4,60608
496,17031290900,67.8,40.9,16.8,16.7,17.6,60.7,-49.2,66.5,46.0,9.7,18.9,60623
497,17031290900,67.8,40.9,16.8,16.7,17.6,60.7,-49.2,66.5,46.0,9.7,18.9,60624
498,17031291200,55.3,42.4,14.1,16.6,16.0,53.5,-48.8,72.0,45.0,10.3,19.5,60623
499,17031291200,55.3,42.4,14.1,16.6,16.0,53.5,-48.8,72.0,45.0,10.3,19.5,60624
500,17031291600,8.0,53.2,10.6,13.0,12.6,47.1,-22.4,76.2,35.0,17.0,22.9,60608
501,17031292200,63.2,39.7,16.0,17.0,18.1,63.3,-41.3,72.4,46.3,20.7,18.0,60623
502,17031292400,48.5,36.5,16.7,18.1,19.4,51.9,-38.1,72.0,47.7,17.0,18.1,60623
503,17031292500,73.3,44.5,17.0,15.4,17.0,50.2,-35.6,72.2,43.9,17.5,20.4,60623
504,17031300500,39.0,38.6,12.4,16.1,16.5,41.9,-24.9,75.6,38.8,33.7,18.4,60623
505,17031300600,35.1,45.6,13.8,14.3,15.5,47.0,-30.4,75.0,37.9,24.4,20.8,60623
506,17031300700,62.1,33.6,13.7,17.9,19.4,54.0,-31.8,76.0,41.2,30.5,16.9,60623
507,17031300800,63.5,33.0,15.2,18.0,19.6,56.5,-40.2,,41.1,24.6,17.0,60623
508,17031300900,58.1,34.2,14.2,17.6,19.0,53.9,-42.9,76.0,41.0,36.1,17.3,60623
509,17031301100,45.7,35.6,13.7,17.0,18.6,47.7,-38.1,75.6,41.2,35.4,17.6,60623
510,17031301200,59.9,36.8,15.2,16.7,18.4,57.3,-39.5,75.6,40.4,18.2,17.9,60608
511,17031301600,55.9,39.5,13.7,15.6,17.0,46.3,-35.1,77.0,38.5,25.8,18.8,60623
512,17031301701,55.4,35.7,13.6,16.4,18.1,47.4,-32.5,77.0,40.0,29.2,17.4,60623
513,17031301702,26.9,40.3,12.5,15.5,16.3,47.9,-26.0,77.0,38.2,31.4,18.9,60623
514,17031301801,29.7,36.9,13.8,16.5,18.4,53.3,-21.7,77.0,39.7,31.8,17.8,60623
515,17031301802,49.5,37.5,13.6,16.1,17.4,49.8,-37.5,76.0,39.2,38.4,18.1,60623
516,17031301803,37.5,37.2,12.8,16.4,17.6,50.8,-30.5,77.0,39.5,32.7,18.0,60623
517,17031310200,29.0,64.8,8.5,10.0,9.1,44.2,-8.2,80.7,28.6,10.4,28.4,60608
518,17031310200,29.0,64.8,8.5,10.0,9.1,44.2,-8.2,80.7,28.6,10.4,28.4,60616
519,17031310300,34.1,57.7,8.7,12.0,10.9,41.1,-14.5,79.1,30.5,24.0,25.8,60608
520,17031310400,23.1,53.5,9.7,12.8,12.4,28.8,-10.9,,33.3,13.2,22.5,60608
521,17031310500,46.8,52.4,10.4,12.2,12.3,41.2,-10.8,76.0,33.9,33.2,23.7,60608
522,17031310600,68.0,45.5,12.6,14.5,14.9,50.0,-34.6,76.8,36.1,26.2,20.5,60608
523,17031310700,38.5,48.3,11.6,13.1,13.8,35.6,-25.1,78.2,34.9,26.8,23.5,60608
524,17031310800,15.6,48.6,10.8,13.7,13.9,40.7,-17.3,77.1,34.9,31.4,22.2,60608
525,17031310900,34.2,47.3,11.2,14.0,14.2,46.2,-27.4,77.1,35.3,20.4,21.9,60608
526,17031320100,0.0,75.7,5.5,7.9,6.5,37.9,34.9,82.9,21.3,4.2,38.0,60601
527,17031320100,0.0,75.7,5.5,7.9,6.5,37.9,34.9,82.9,21.3,4.2,38.0,60602
528,17031320400,0.0,74.1,2.2,11.3,4.8,25.6,50.9,,17.8,9.0,37.1,60602
529,17031320400,0.0,74.1,2.2,11.3,4.8,25.6,50.9,,17.8,9.0,37.1,60603
530,17031320400,0.0,74.1,2.2,11.3,4.8,25.6,50.9,,17.8,9.0,37.1,60604
531,17031320400,0.0,74.1,2.2,11.3,4.8,25.6,50.9,,17.8,9.0,37.1,60605
532,17031320600,36.0,76.1,4.9,8.3,5.6,34.4,22.7,81.7,20.9,1.3,35.5,60605
533,17031330100,17.8,74.3,5.8,8.2,6.4,35.7,21.6,80.3,24.4,2.8,32.6,60605
534,17031330100,17.8,74.3,5.8,8.2,6.4,35.7,21.6,80.3,24.4,2.8,32.6,60616
535,17031330200,7.3,69.0,9.9,9.0,9.1,35.5,11.6,80.3,27.1,10.2,31.2,60605
536,17031330200,7.3,69.0,9.9,9.0,9.1,35.5,11.6,80.3,27.1,10.2,31.2,60616
537,17031340300,36.5,41.3,17.2,12.8,15.4,47.1,-28.7,84.5,22.1,14.8,21.3,60616
538,17031340400,32.7,45.5,13.7,12.2,12.6,43.2,-31.0,76.1,20.7,20.0,22.6,60616
539,17031340500,2.9,52.6,16.9,11.7,14.5,37.6,-41.7,78.4,27.0,8.0,24.6,60616
540,17031340600,91.1,27.8,26.5,21.1,26.8,36.3,-80.4,67.9,52.5,9.6,14.4,60609
541,17031340600,91.1,27.8,26.5,21.1,26.8,36.3,-80.4,67.9,52.5,9.6,14.4,60616
542,17031350100,22.8,61.4,9.2,9.4,8.4,48.8,-30.9,78.3,28.1,6.5,26.9,60616
543,17031350400,71.3,30.2,23.7,21.2,25.4,40.0,-79.2,,53.8,13.6,14.7,60616
544,17031351000,12.1,60.2,11.6,10.1,10.4,37.7,-20.7,77.2,32.8,15.6,25.2,60616
545,17031351100,86.3,32.8,18.5,20.1,21.2,58.7,-76.2,72.0,50.4,8.7,15.5,60616
546,17031351100,86.3,32.8,18.5,20.1,21.2,58.7,-76.2,72.0,50.4,8.7,15.5,60653
547,17031351400,84.7,36.5,20.9,17.5,20.9,50.8,-61.2,73.8,48.8,10.9,16.6,60609
548,17031351400,84.7,36.5,20.9,17.5,20.9,50.8,-61.2,73.8,48.8,10.9,16.6,60616
549,17031351400,84.7,36.5,20.9,17.5,20.9,50.8,-61.2,73.8,48.8,10.9,16.6,60653
550,17031351500,41.8,50.3,10.7,14.0,11.9,62.5,-47.0,,37.2,6.7,22.5,60609
551,17031360200,29.9,37.6,15.4,18.9,18.5,46.3,-47.4,,48.3,13.1,17.5,60653
552,17031380100,41.4,44.4,21.3,14.7,18.8,50.5,-51.1,69.8,46.0,2.7,20.5,60653
553,17031380200,44.6,44.7,25.5,12.7,21.0,52.3,-51.6,72.3,43.5,9.5,18.6,60653
554,17031380500,56.7,41.3,16.6,18.2,17.0,63.9,-75.7,,45.7,6.8,18.1,60609
555,17031380700,36.3,48.4,17.7,13.6,16.3,43.8,-39.0,67.0,44.4,13.3,21.9,60609
556,17031380700,36.3,48.4,17.7,13.6,16.3,43.8,-39.0,67.0,44.4,13.3,21.9,60653
557,17031381200,32.8,59.7,12.8,11.4,11.4,40.3,-31.7,72.8,39.2,6.7,25.0,60615
558,17031381200,32.8,59.7,12.8,11.4,11.4,40.3,-31.7,72.8,39.2,6.7,25.0,60653
559,17031381400,10.1,43.7,12.6,16.2,15.9,52.2,-28.0,,45.5,19.9,20.7,60609
560,17031381400,10.1,43.7,12.6,16.2,15.9,52.2,-28.0,,45.5,19.9,20.7,60615
561,17031381400,10.1,43.7,12.6,16.2,15.9,52.2,-28.0,,45.5,19.9,20.7,60653
562,17031381500,73.3,42.9,15.4,16.8,17.3,42.4,-33.6,,47.8,10.8,19.7,60653
563,17031381700,,,,,,,,,,,,60609
564,17031381800,44.8,49.3,14.1,13.6,14.4,40.6,-23.3,70.2,43.5,19.0,22.3,60615
565,17031381900,25.0,53.2,13.8,13.1,13.9,40.8,-23.8,72.8,41.9,13.6,22.8,60615
566,17031390100,8.0,64.6,10.1,10.7,9.9,36.3,3.6,79.0,36.4,10.1,28.0,60653
567,17031390200,27.2,64.3,9.7,10.6,9.9,38.9,6.7,,37.1,10.4,27.6,60653
568,17031390300,52.3,42.9,18.6,15.2,18.4,55.1,-47.9,73.3,45.9,9.4,19.6,60653
569,17031390400,3.6,50.8,18.7,13.0,16.2,46.3,-37.6,73.4,42.0,6.4,22.0,60615
570,17031390500,19.2,66.5,10.4,10.2,9.8,45.2,-8.5,,32.9,6.7,30.0,60615
571,17031390500,19.2,66.5,10.4,10.2,9.8,45.2,-8.5,,32.9,6.7,30.0,60653
572,17031390600,4.2,75.6,8.4,8.0,7.7,31.0,7.8,84.8,27.5,3.2,34.9,60615
573,17031390700,0.0,70.5,10.9,8.3,8.7,44.8,-13.2,82.0,28.7,6.6,30.4,60615
574,17031400300,55.0,41.6,14.8,16.4,16.5,57.9,-44.8,76.0,47.3,8.4,18.8,60609
575,17031400300,55.0,41.6,14.8,16.4,16.5,57.9,-44.8,76.0,47.3,8.4,18.8,60615
576,17031400300,55.0,41.6,14.8,16.4,16.5,57.9,-44.8,76.0,47.3,8.4,18.8,60637
577,17031400400,45.8,45.0,13.7,15.7,15.2,53.4,-30.3,73.7,45.8,11.5,20.0,60637
578,17031400500,53.9,37.7,17.6,18.1,19.1,54.8,-48.1,68.2,47.8,15.3,18.1,60621
579,17031400500,53.9,37.7,17.6,18.1,19.1,54.8,-48.1,68.2,47.8,15.3,18.1,60637
580,17031400800,51.6,37.3,16.7,18.4,19.1,46.7,-60.0,72.0,47.8,9.5,17.7,60621
581,17031400800,51.6,37.3,16.7,18.4,19.1,46.7,-60.0,72.0,47.8,9.5,17.7,60637
582,17031410100,13.7,66.0,9.7,9.4,9.0,43.2,-16.1,75.6,31.0,23.5,30.1,60615
583,17031410200,7.0,59.0,5.2,11.9,8.1,53.3,-23.7,,26.9,4.6,25.6,60615
584,17031410500,13.8,64.5,8.9,10.9,8.8,52.1,-21.6,78.5,29.9,7.8,26.3,60615
585,17031410600,8.1,59.7,8.4,12.3,10.1,63.1,-24.4,78.6,29.2,5.1,26.8,60615
586,17031410700,0.0,66.6,6.5,10.4,7.9,48.5,-23.3,79.7,25.2,6.6,30.8,60615
587,17031410800,14.1,68.6,8.5,9.0,8.0,46.7,-25.1,82.7,26.6,9.0,30.9,60615
588,17031410800,14.1,68.6,8.5,9.0,8.0,46.7,-25.1,82.7,26.6,9.0,30.9,60637
589,17031410900,24.1,69.0,9.4,9.2,9.3,45.8,-16.0,81.6,29.1,9.7,32.9,60615
590,17031411000,0.0,74.2,8.7,8.0,8.0,26.1,9.4,80.7,23.8,15.2,32.7,60615
591,17031411000,0.0,74.2,8.7,8.0,8.0,26.1,9.4,80.7,23.8,15.2,32.7,60637
592,17031411100,4.9,77.6,6.2,7.8,6.7,23.0,31.5,82.4,20.5,1.4,38.0,60615
593,17031411100,4.9,77.6,6.2,7.8,6.7,23.0,31.5,82.4,20.5,1.4,38.0,60637
594,17031411200,18.2,73.9,7.4,8.5,7.8,37.1,7.2,83.5,22.5,1.6,36.2,60637
595,17031420100,63.0,46.7,19.4,14.5,17.7,56.5,-53.0,71.1,45.8,6.8,19.8,60637
596,17031420200,38.0,49.1,14.6,14.0,14.8,50.2,-36.0,64.7,41.3,7.3,21.0,60637
597,17031420300,51.0,55.3,6.2,14.4,9.4,44.1,-28.5,,29.3,6.1,22.5,60637
598,17031420400,59.1,51.3,14.2,13.1,13.4,54.1,-57.3,74.9,37.0,8.6,21.4,60637
599,17031420500,29.2,44.0,16.1,15.6,17.5,45.6,-46.5,73.4,44.9,17.2,19.4,60637
600,17031420600,69.0,37.0,18.5,17.4,19.7,53.8,-52.1,72.0,49.3,12.6,17.5,60637
601,17031420700,81.8,36.4,20.0,17.7,20.4,63.8,-59.8,72.7,49.3,11.7,17.2,60637
602,17031420800,28.0,49.4,13.8,14.2,14.0,58.7,-33.5,71.0,43.2,12.9,21.0,60637
603,17031421200,47.9,46.1,20.2,14.0,17.5,54.9,-48.2,74.7,44.8,15.1,20.6,60637
604,17031430101,62.7,51.1,14.7,13.9,14.0,48.3,-40.5,74.0,42.9,20.8,22.2,60649
605,17031430102,28.5,50.5,17.3,13.3,15.4,53.2,-53.5,76.3,43.5,13.3,22.2,60649
606,17031430200,34.7,47.7,17.1,14.5,16.4,58.1,-46.9,76.8,44.6,10.2,21.2,60649
607,17031430300,74.1,37.6,17.6,17.8,18.7,66.2,-62.6,74.9,48.1,6.5,17.3,60637
608,17031430300,74.1,37.6,17.6,17.8,18.7,66.2,-62.6,74.9,48.1,6.5,17.3,60649
609,17031430400,51.6,39.4,20.0,16.2,19.7,54.4,-58.4,72.7,48.3,13.8,18.2,60619
610,17031430400,51.6,39.4,20.0,16.2,19.7,54.4,-58.4,72.7,48.3,13.8,18.2,60649
611,17031430500,82.4,41.7,19.4,16.1,18.2,54.3,-53.6,69.4,47.3,14.0,19.3,60649
612,17031430600,42.9,52.6,17.4,12.7,15.0,59.1,-37.4,72.9,43.4,6.3,23.2,60649
613,17031430700,74.5,46.8,18.8,14.0,16.9,52.7,-54.2,73.8,43.9,14.4,19.6,60649
614,17031430800,32.2,56.7,15.1,11.5,13.5,47.2,-25.4,72.7,41.6,17.8,24.2,60649
615,17031430900,63.1,51.8,16.5,13.1,14.9,55.0,-43.6,71.3,43.6,10.2,22.5,60649
616,17031431200,45.7,61.6,15.9,10.5,12.0,43.6,-16.2,72.6,38.6,9.5,26.7,60649
617,17031431301,51.2,44.5,16.5,15.6,16.5,64.2,-52.6,67.8,45.6,13.5,20.3,60649
618,17031431302,57.2,43.5,16.4,16.0,16.6,60.6,-51.6,68.5,46.0,21.0,20.3,60649
619,17031431400,54.0,43.8,19.0,14.9,17.8,55.8,-52.8,68.4,46.5,13.5,20.3,60649
620,17031440101,53.1,36.3,19.3,18.1,20.0,58.2,-53.9,67.0,49.1,18.4,17.6,60619
621,17031440102,50.1,47.1,16.5,14.4,16.1,60.3,-48.5,67.7,45.1,18.2,20.8,60619
622,17031440201,50.7,45.6,18.6,14.6,17.7,66.6,-37.5,73.2,46.5,10.6,19.8,60619
623,17031440202,34.7,56.8,19.4,10.9,15.0,46.3,-38.0,73.7,40.6,7.7,23.4,60619
624,17031440300,3.6,62.3,16.6,9.9,12.4,33.9,-18.2,78.1,38.3,20.3,26.3,60619
625,17031440600,12.3,60.7,14.9,10.5,12.5,37.2,-10.7,77.0,39.1,14.6,25.3,60619
626,17031440700,4.8,54.4,16.7,11.8,14.6,42.1,-19.8,73.4,41.0,29.1,23.8,60619
627,17031440800,60.8,43.4,19.3,15.4,17.9,55.1,-55.0,72.8,46.4,20.5,19.7,60619
628,17031440900,20.0,46.7,18.7,14.1,17.3,49.3,-35.5,70.3,45.1,11.1,20.4,60619
629,17031450300,12.6,54.5,17.8,12.0,14.7,42.8,-9.2,75.1,42.6,7.3,23.7,60617
630,17031460100,62.7,42.2,16.8,15.6,17.8,55.1,-36.0,,45.0,17.7,20.3,60617
631,17031460100,62.7,42.2,16.8,15.6,17.8,55.1,-36.0,,45.0,17.7,20.3,60649
632,17031460200,51.9,37.7,17.2,17.3,19.4,51.4,-38.8,73.5,43.9,17.8,18.8,60617
633,17031460301,64.4,43.7,15.6,15.4,16.6,56.3,-31.0,71.5,42.6,19.6,20.7,60617
634,17031460302,37.8,39.3,18.2,16.6,18.7,56.4,-50.2,69.1,47.2,13.4,19.0,60617
635,17031460302,37.8,39.3,18.2,16.6,18.7,56.4,-50.2,69.1,47.2,13.4,19.0,60649
636,17031460400,29.4,54.7,16.4,12.1,13.8,48.7,-28.8,73.6,41.6,8.4,24.7,60617
637,17031460500,1.9,58.4,16.8,11.0,13.4,41.4,-24.2,72.4,40.9,4.0,25.4,60617
638,17031460500,1.9,58.4,16.8,11.0,13.4,41.4,-24.2,72.4,40.9,4.0,25.4,60649
639,17031460600,16.9,43.5,15.3,15.4,16.6,40.6,-36.1,75.0,43.9,24.9,20.1,60617
640,17031460700,69.2,36.2,14.5,18.2,18.6,50.1,-54.2,75.0,43.4,11.4,17.9,60617
641,17031461000,2.0,35.9,26.0,14.9,24.3,45.9,-74.8,72.6,45.5,13.1,17.3,60617
642,17031470100,8.4,47.6,17.3,13.9,16.8,57.6,-50.2,73.2,44.5,16.6,21.3,60619
643,17031480100,5.0,62.4,17.6,9.6,12.9,29.0,-9.1,76.7,38.9,15.0,27.6,60617
644,17031480200,25.8,58.5,16.4,11.0,13.8,48.4,-25.2,79.7,40.1,11.0,25.1,60617
645,17031480200,25.8,58.5,16.4,11.0,13.8,48.4,-25.2,79.7,40.1,11.0,25.1,60619
646,17031480300,57.3,58.6,17.9,10.8,13.4,46.2,-32.1,76.3,40.2,20.2,25.3,60617
647,17031480300,57.3,58.6,17.9,10.8,13.4,46.2,-32.1,76.3,40.2,20.2,25.3,60619
648,17031480400,10.3,56.7,19.1,10.8,14.4,45.0,-8.6,76.5,41.3,9.3,25.2,60617
649,17031480500,50.3,51.9,17.3,12.6,15.2,44.9,-28.1,77.2,41.7,9.1,23.4,60617
650,17031490300,45.0,57.5,18.6,10.9,14.3,32.4,-13.4,77.9,40.8,9.0,23.8,60619
651,17031490400,0.0,65.4,14.8,9.6,11.1,42.8,-17.5,70.6,36.4,15.2,27.1,60619
652,17031490500,28.8,60.5,13.3,11.2,11.7,35.0,-12.1,76.5,36.3,15.2,24.9,60619
653,17031490500,28.8,60.5,13.3,11.2,11.7,35.0,-12.1,76.5,36.3,15.2,24.9,60628
654,17031490600,13.5,52.7,19.0,12.2,15.4,54.5,-24.9,71.2,42.6,14.8,23.1,60628
655,17031490700,44.0,49.6,18.1,13.2,15.7,43.2,-22.6,72.0,43.5,16.1,22.7,60628
656,17031490800,38.3,50.6,18.0,13.1,16.1,57.1,-24.4,69.6,43.6,12.3,22.5,60628
657,17031490901,21.4,50.3,16.1,13.4,15.4,42.0,-27.1,74.6,43.6,16.1,22.8,60628
658,17031490902,22.3,55.6,17.0,11.7,14.2,42.4,-29.0,72.7,41.6,9.6,24.5,60628
659,17031491000,57.8,37.9,19.8,17.1,19.8,50.3,-42.5,65.8,48.1,12.3,18.4,60628
660,17031491100,22.6,57.6,18.3,10.7,14.0,35.1,-28.3,73.2,40.2,8.1,25.1,60628
661,17031491200,54.1,47.4,17.9,13.6,16.5,44.5,-24.5,71.2,44.9,11.0,21.8,60628
662,17031491300,70.4,36.7,19.2,17.6,20.2,51.9,-41.8,70.3,48.8,20.9,18.0,60628
663,17031491400,46.6,43.7,15.7,15.7,17.2,59.9,-41.7,71.4,46.1,13.3,20.5,60628
664,17031500100,6.5,55.1,15.9,11.9,14.3,41.3,-26.1,70.2,41.5,15.7,24.6,60619
665,17031500100,6.5,55.1,15.9,11.9,14.3,41.3,-26.1,70.2,41.5,15.7,24.6,60628
666,17031500200,48.8,49.3,15.0,14.2,14.4,38.1,-36.3,72.7,43.3,7.5,23.0,60628
667,17031500200,48.8,49.3,15.0,14.2,14.4,38.1,-36.3,72.7,43.3,7.5,23.0,60633
668,17031500300,35.5,55.8,12.1,12.7,14.1,34.8,-26.3,74.6,36.8,18.7,26.7,60628
669,17031510100,18.8,49.0,13.8,13.2,15.7,34.9,-22.8,76.8,35.4,13.4,23.1,60617
670,17031510200,46.8,55.9,16.6,11.9,13.9,48.5,-20.7,74.0,39.3,9.8,25.5,60617
671,17031510300,24.9,43.8,19.7,14.9,18.4,46.5,-39.5,74.6,47.2,5.8,20.0,60617
672,17031520100,31.5,43.2,12.9,14.8,16.4,37.3,-27.4,76.9,37.5,17.7,21.2,60617
673,17031520200,33.2,44.4,13.8,14.7,16.3,44.4,-25.3,79.9,37.6,18.5,21.5,60617
674,17031520300,48.1,47.3,12.9,13.9,15.5,46.6,-24.3,77.0,36.1,16.8,23.2,60617
675,17031520400,27.2,54.5,12.1,12.1,13.9,36.7,-10.7,82.0,33.0,13.1,26.2,60617
676,17031520500,27.8,59.8,11.9,11.4,13.1,27.4,-6.7,78.5,31.5,5.9,29.4,60617
677,17031520600,24.1,49.3,14.2,13.4,16.4,44.3,-23.8,79.6,35.7,22.2,24.7,60617
678,17031530100,41.4,41.6,15.8,15.5,17.4,42.8,-45.4,71.8,41.5,19.6,19.7,60628
679,17031530200,58.9,37.9,18.9,16.9,19.4,48.6,-38.5,69.5,48.2,11.7,18.5,60628
680,17031530300,47.4,54.1,17.7,12.2,14.6,33.5,-19.7,73.0,41.6,11.7,24.5,60628
681,17031530300,47.4,54.1,17.7,12.2,14.6,33.5,-19.7,73.0,41.6,11.7,24.5,60643
682,17031530400,16.0,58.5,14.2,11.6,12.4,42.0,-6.2,72.3,40.1,16.9,25.9,60628
683,17031530400,16.0,58.5,14.2,11.6,12.4,42.0,-6.2,72.3,40.1,16.9,25.9,60643
684,17031530501,40.5,45.9,16.4,14.6,16.5,42.4,-22.3,68.7,45.1,11.8,21.0,60628
685,17031530502,27.7,51.0,17.5,13.1,15.2,27.8,-32.5,75.1,44.2,12.3,23.0,60628
686,17031530503,50.6,48.5,18.0,13.8,16.1,52.8,-31.7,72.5,44.6,10.8,22.2,60628
687,17031530503,50.6,48.5,18.0,13.8,16.1,52.8,-31.7,72.5,44.6,10.8,22.2,60643
688,17031530600,46.5,41.9,18.8,15.8,18.0,53.7,-37.2,70.6,47.4,13.1,19.3,60628
689,17031540101,75.2,29.4,16.2,21.9,21.4,35.8,-67.6,67.7,51.4,10.8,15.0,60827
690,17031540102,72.1,29.4,20.5,21.3,23.2,41.7,-69.1,68.5,52.1,10.4,15.0,60628
691,17031540102,72.1,29.4,20.5,21.3,23.2,41.7,-69.1,68.5,52.1,10.4,15.0,60827
692,17031550100,35.1,57.3,11.7,12.3,14.2,30.9,-14.7,75.5,32.6,16.0,27.9,60617
693,17031550100,35.1,57.3,11.7,12.3,14.2,30.9,-14.7,75.5,32.6,16.0,27.9,60633
694,17031550200,1.7,64.3,11.7,10.4,12.2,25.0,-7.0,74.2,30.0,5.7,31.8,60633
695,17031560100,8.0,55.1,14.4,11.1,13.9,26.9,-13.6,70.3,32.5,12.4,24.7,60632
696,17031560100,8.0,55.1,14.4,11.1,13.9,26.9,-13.6,70.3,32.5,12.4,24.7,60804
697,17031560200,20.5,53.4,17.4,12.1,14.4,31.8,-22.3,74.0,40.2,21.3,24.3,60638
698,17031560200,20.5,53.4,17.4,12.1,14.4,31.8,-22.3,74.0,40.2,21.3,24.3,60804
699,17031560300,9.4,53.3,11.5,12.8,14.6,33.7,-4.8,76.0,33.5,12.5,26.4,60638
700,17031560400,14.6,51.1,12.5,13.4,15.2,36.8,-14.9,75.8,33.5,11.6,24.9,60632
701,17031560700,13.3,59.5,10.1,12.2,12.8,30.8,-4.6,78.7,30.4,15.5,28.7,60638
702,17031560800,4.6,66.0,9.1,11.0,11.6,27.9,3.9,80.0,28.1,10.3,32.8,60638
703,17031560900,1.1,69.7,8.9,10.1,11.0,19.2,17.9,80.5,27.3,6.6,34.2,60638
704,17031561000,3.1,71.1,8.4,9.8,10.7,23.4,19.4,79.8,26.6,3.4,34.7,60638
705,17031561100,7.6,66.1,9.4,10.6,11.8,20.1,10.8,78.5,28.1,8.3,32.5,60638
706,17031570100,30.0,57.4,9.8,12.0,12.2,35.8,-10.1,78.0,31.1,14.5,28.4,60632
707,17031570200,40.8,55.7,11.6,11.8,13.3,29.4,-11.7,82.8,32.0,17.5,27.2,60632
708,17031570300,32.4,49.8,10.5,13.5,14.2,39.6,-16.5,81.4,34.0,20.7,24.5,60632
709,17031570400,28.4,55.8,9.5,12.1,12.4,40.4,-12.2,78.4,31.3,33.4,25.8,60632
710,17031570500,20.1,53.8,10.5,12.9,13.5,37.2,-14.9,79.5,32.9,19.4,27.7,60632
711,17031580100,30.5,43.6,13.7,14.3,15.6,54.7,-25.1,75.1,34.7,22.6,21.8,60632
712,17031580200,31.4,44.8,12.3,14.5,15.3,39.3,-21.7,,34.9,24.2,21.8,60632
713,17031580300,17.7,41.4,12.2,15.2,16.6,36.7,-17.2,77.9,35.7,23.5,19.4,60632
714,17031580400,18.0,48.5,11.9,13.2,14.0,55.0,-24.0,80.6,34.1,18.9,24.0,60632
715,17031580501,41.2,42.6,12.5,15.2,16.2,47.4,-15.2,82.4,36.5,33.4,21.7,60632
716,17031580502,38.2,44.1,11.9,14.5,15.3,48.8,-17.8,76.0,36.1,24.5,22.1,60632
717,17031580600,26.7,46.5,11.3,14.2,14.6,36.4,-14.3,77.0,34.5,19.8,22.3,60632
718,17031580700,36.5,41.3,11.8,15.4,16.0,38.6,-17.3,78.8,36.1,29.8,21.1,60609
719,17031580700,36.5,41.3,11.8,15.4,16.0,38.6,-17.3,78.8,36.1,29.8,21.1,60632
720,17031580800,25.8,41.3,11.2,15.5,16.0,49.6,-20.5,77.0,37.1,29.3,21.1,60609
721,17031580800,25.8,41.3,11.2,15.5,16.0,49.6,-20.5,77.0,37.1,29.3,21.1,60632
722,17031590500,32.9,51.8,10.7,12.8,13.7,34.9,-12.0,79.4,31.6,18.5,24.2,60609
723,17031590600,46.4,49.5,12.0,13.6,14.5,57.4,-24.0,81.4,33.9,17.8,24.1,60609
724,17031590700,53.3,49.1,11.6,13.5,13.9,42.9,-20.4,79.8,32.8,17.8,23.2,60609
725,17031600400,42.3,47.3,13.5,12.7,14.0,46.3,-25.4,80.7,24.3,20.8,24.2,60608
726,17031600400,42.3,47.3,13.5,12.7,14.0,46.3,-25.4,80.7,24.3,20.8,24.2,60616
727,17031600600,45.6,47.3,12.5,13.8,14.7,48.5,-21.8,,28.6,19.7,23.6,60608
728,17031600700,24.9,52.8,12.1,12.1,13.0,50.1,-22.9,77.9,27.3,12.9,25.8,60608
729,17031600900,3.2,58.2,9.1,11.5,11.0,35.6,-13.8,75.9,26.3,19.7,28.2,60608
730,17031610300,40.9,38.6,12.4,16.3,16.9,48.1,-31.7,75.6,38.7,25.5,19.5,60609
731,17031610400,69.7,32.4,15.2,17.6,19.7,55.2,-44.2,76.0,42.6,26.4,16.6,60609
732,17031610800,23.8,59.1,8.4,13.5,13.2,35.2,5.5,72.1,30.9,3.4,28.1,60609
733,17031611000,70.6,33.1,17.7,19.1,19.9,57.4,-68.9,,47.8,28.6,16.2,60609
734,17031611100,47.7,34.6,13.3,17.3,18.4,49.3,-48.6,78.6,42.3,32.2,17.4,60609
735,17031611200,59.0,32.0,14.6,18.3,19.5,51.0,-43.2,75.0,44.1,19.6,17.7,60609
736,17031611300,46.8,39.0,13.3,16.0,16.5,47.2,-43.4,74.4,39.2,26.9,19.1,60609
737,17031611400,63.7,35.4,14.1,17.1,18.1,41.3,-35.2,75.6,40.8,28.0,18.3,60609
738,17031611500,56.1,41.4,15.6,14.1,16.6,48.2,-43.4,77.5,39.3,39.0,19.6,60609
739,17031611600,18.5,39.0,13.3,16.7,17.4,35.3,-31.0,75.0,44.1,28.1,19.5,60609
740,17031611700,63.4,42.5,14.2,15.6,15.8,61.3,-47.7,,42.3,24.7,19.9,60609
741,17031611800,68.6,33.1,16.6,19.0,20.1,49.8,-29.5,72.2,47.6,25.2,16.9,60609
742,17031611900,53.3,36.5,15.1,17.5,18.1,45.2,-47.5,71.5,46.3,20.2,18.3,60609
743,17031612000,22.5,38.4,17.5,16.8,18.6,42.1,-41.7,69.0,47.2,11.6,19.4,60609
744,17031612100,29.0,46.5,18.7,14.0,16.1,46.4,-53.9,66.1,43.6,9.3,22.1,60609
745,17031620100,25.2,49.6,10.6,13.3,14.2,31.7,1.2,83.6,34.6,17.4,23.8,60632
746,17031620200,5.4,60.0,9.5,11.2,11.7,35.0,-2.6,82.0,30.0,14.8,29.4,60632
747,17031620300,7.3,50.6,10.8,13.6,14.5,36.0,-3.1,78.6,33.8,12.9,25.3,60629
748,17031620300,7.3,50.6,10.8,13.6,14.5,36.0,-3.1,78.6,33.8,12.9,25.3,60632
749,17031620400,10.6,55.5,10.0,12.0,12.2,46.1,-13.4,76.9,32.4,12.7,26.4,60629
750,17031620400,10.6,55.5,10.0,12.0,12.2,46.1,-13.4,76.9,32.4,12.7,26.4,60632
751,17031630100,21.8,39.8,12.7,15.9,16.8,54.2,-35.7,,41.1,24.7,19.7,60609
752,17031630200,44.7,40.0,10.4,15.7,16.5,51.2,-26.0,76.0,38.0,15.6,21.0,60609
753,17031630200,44.7,40.0,10.4,15.7,16.5,51.2,-26.0,76.0,38.0,15.6,21.0,60632
754,17031630300,16.9,45.5,10.4,14.0,14.3,42.1,-10.0,80.1,36.2,17.5,22.1,60632
755,17031630400,33.3,39.4,12.0,16.1,16.9,49.4,-28.5,81.7,38.5,25.5,19.7,60632
756,17031630500,30.3,41.6,11.9,15.4,16.1,38.7,-15.5,76.0,37.6,32.3,20.9,60609
757,17031630500,30.3,41.6,11.9,15.4,16.1,38.7,-15.5,76.0,37.6,32.3,20.9,60632
758,17031630800,30.0,44.6,11.3,14.6,14.8,47.8,-23.1,81.6,36.4,19.2,21.8,60629
759,17031630800,30.0,44.6,11.3,14.6,14.8,47.8,-23.1,81.6,36.4,19.2,21.8,60632
760,17031630900,16.3,44.7,10.8,14.3,15.0,41.0,-20.1,76.0,36.5,19.9,21.8,60629
761,17031630900,16.3,44.7,10.8,14.3,15.0,41.0,-20.1,76.0,36.5,19.9,21.8,60632
762,17031640100,7.2,60.4,9.1,11.7,11.5,38.6,-7.1,78.2,30.8,9.9,32.0,60629
763,17031640300,3.4,68.1,8.7,10.2,10.3,31.0,0.9,78.7,27.9,8.9,34.0,60638
764,17031640400,15.5,65.2,9.4,11.1,11.9,28.5,0.9,79.8,28.6,13.2,32.4,60638
765,17031640500,0.0,67.4,8.3,10.5,10.8,19.9,8.0,77.8,27.6,9.6,33.8,60638
766,17031640600,41.2,53.8,10.5,13.9,15.0,47.8,-19.6,77.0,33.1,10.3,27.0,60638
767,17031640700,28.2,53.9,10.9,13.3,14.4,37.6,-19.8,77.0,34.0,18.5,26.8,60638
768,17031640800,16.6,57.9,9.4,11.6,12.2,33.6,-2.2,77.8,31.8,13.4,27.2,60629
769,17031640800,16.6,57.9,9.4,11.6,12.2,33.6,-2.2,77.8,31.8,13.4,27.2,60638
770,17031650100,40.3,46.0,12.6,14.4,15.3,38.9,-23.5,78.6,36.1,26.7,22.9,60629
771,17031650200,37.6,53.4,10.4,12.8,13.4,34.8,-9.5,81.3,33.0,18.9,26.9,60629
772,17031650301,18.3,54.0,10.2,12.4,13.0,45.5,-2.3,77.5,33.6,14.6,26.0,60629
773,17031650302,19.9,52.0,10.2,12.9,13.3,38.3,1.7,78.5,33.5,13.6,25.3,60629
774,17031650400,19.6,50.3,11.6,13.1,13.8,47.5,-16.1,82.4,34.4,15.7,24.1,60629
775,17031650500,28.3,55.0,11.0,12.0,13.2,36.0,-11.0,78.7,33.8,12.8,25.5,60629
776,17031650500,28.3,55.0,11.0,12.0,13.2,36.0,-11.0,78.7,33.8,12.8,25.5,60652
777,17031660301,50.9,32.0,14.4,18.6,19.7,69.4,-53.2,,45.7,25.8,16.5,60629
778,17031660302,39.0,41.7,11.7,15.8,15.8,53.9,-38.4,75.0,39.3,28.4,20.6,60629
779,17031660400,16.0,45.7,10.9,14.6,14.7,42.5,-6.0,82.0,36.3,24.7,22.4,60629
780,17031660500,45.6,42.6,13.2,15.2,16.2,43.2,-28.3,82.7,37.9,24.3,21.1,60629
781,17031660600,49.3,40.8,14.4,16.8,16.9,57.2,-39.1,,42.9,25.4,20.1,60629
782,17031660600,49.3,40.8,14.4,16.8,16.9,57.2,-39.1,,42.9,25.4,20.1,60636
783,17031660700,45.0,41.9,16.6,15.9,17.5,43.2,-45.1,69.6,45.6,20.4,19.9,60636
784,17031660800,38.5,45.0,13.6,15.3,15.5,56.6,-32.9,72.9,41.5,22.3,22.2,60629
785,17031660800,38.5,45.0,13.6,15.3,15.5,56.6,-32.9,72.9,41.5,22.3,22.2,60636
786,17031660900,47.0,41.2,16.8,16.3,17.7,61.4,-37.9,70.7,45.5,17.9,19.7,60629
787,17031660900,47.0,41.2,16.8,16.3,17.7,61.4,-37.9,70.7,45.5,17.9,19.7,60636
788,17031661000,33.5,46.9,16.4,14.6,15.7,53.8,-34.7,76.5,43.7,15.9,21.6,60629
789,17031661000,33.5,46.9,16.4,14.6,15.7,53.8,-34.7,76.5,43.7,15.9,21.6,60636
790,17031661100,26.0,48.6,12.6,14.1,14.5,45.8,-20.3,75.4,39.3,19.4,23.2,60629
791,17031670100,46.8,44.3,15.9,15.6,16.7,22.5,-33.8,69.0,44.6,31.3,21.2,60636
792,17031670200,65.7,39.7,17.6,16.1,17.4,46.9,-46.6,62.2,46.3,13.3,19.5,60636
793,17031670300,54.7,41.0,17.0,16.5,17.9,50.1,-58.8,72.4,46.8,21.0,19.6,60636
794,17031670400,60.3,39.1,17.2,16.6,18.3,55.5,-44.5,66.0,46.7,16.9,18.4,60636
795,17031670500,50.9,41.5,17.9,15.8,17.3,58.9,-47.2,,46.0,18.7,19.6,60636
796,17031670600,62.6,44.1,18.4,15.3,16.8,35.9,-57.9,72.0,44.3,25.1,20.4,60636
797,17031670700,43.9,36.9,17.2,17.2,19.7,52.8,-33.7,72.9,48.5,19.8,18.1,60636
798,17031670800,51.7,36.5,19.6,17.5,20.4,52.1,-47.1,72.4,47.1,26.3,17.3,60636
799,17031670900,42.5,47.5,17.6,13.9,15.3,47.5,-38.7,77.7,43.2,30.9,21.5,60636
800,17031671100,76.7,32.4,19.0,19.1,22.1,30.2,-44.7,70.0,49.2,4.7,16.6,60636
801,17031671200,80.6,32.4,19.2,18.9,20.8,59.1,-54.5,64.0,48.7,26.5,16.2,60636
802,17031671300,33.1,46.6,16.9,14.6,15.6,38.3,-41.1,68.3,43.4,17.1,21.7,60636
803,17031671400,46.0,39.5,18.3,16.3,18.4,39.3,-47.6,67.6,46.5,9.1,19.1,60636
804,17031671500,42.9,33.9,19.8,18.2,21.1,51.0,-39.4,69.3,49.2,14.2,16.9,60636
805,17031671600,28.3,39.9,19.4,16.0,18.7,62.2,-51.6,73.5,46.5,28.7,18.8,60636
806,17031671800,79.7,40.6,19.5,15.7,18.1,42.4,-27.9,65.0,45.6,8.9,19.2,60636
807,17031671900,25.5,43.7,18.2,14.9,17.7,24.1,-20.1,66.9,45.0,18.4,20.4,60636
808,17031672000,24.3,45.1,17.6,14.5,16.5,42.7,-19.6,71.8,44.4,18.2,21.5,60636
809,17031680500,60.6,30.1,20.1,19.8,22.9,57.1,-60.0,65.9,50.9,12.5,15.4,60621
810,17031680500,60.6,30.1,20.1,19.8,22.9,57.1,-60.0,65.9,50.9,12.5,15.4,60636
811,17031680600,79.6,31.9,19.4,19.2,21.0,70.7,-49.4,68.9,49.1,19.0,16.4,60621
812,17031680600,79.6,31.9,19.4,19.2,21.0,70.7,-49.4,68.9,49.1,19.0,16.4,60636
813,17031680900,37.1,36.9,20.1,17.5,20.0,57.1,-65.8,68.0,48.0,7.8,18.0,60621
814,17031681000,38.4,33.2,21.1,18.7,21.9,59.3,-67.7,72.0,50.1,16.8,16.3,60621
815,17031681000,38.4,33.2,21.1,18.7,21.9,59.3,-67.7,72.0,50.1,16.8,16.3,60636
816,17031681100,62.3,34.4,19.8,18.6,20.9,66.9,-66.3,70.2,48.8,19.5,16.9,60621
817,17031681100,62.3,34.4,19.8,18.6,20.9,66.9,-66.3,70.2,48.8,19.5,16.9,60636
818,17031681200,48.6,38.3,18.0,17.6,18.7,61.9,-50.7,64.7,47.2,15.9,17.9,60621
819,17031681300,50.3,35.7,18.6,18.2,20.0,64.2,-48.7,68.8,48.5,17.9,16.6,60620
820,17031681300,50.3,35.7,18.6,18.2,20.0,64.2,-48.7,68.8,48.5,17.9,16.6,60621
821,17031681400,58.7,39.4,19.3,16.7,18.9,53.0,-41.9,72.0,46.1,18.4,18.4,60621
822,17031681400,58.7,39.4,19.3,16.7,18.9,53.0,-41.9,72.0,46.1,18.4,18.4,60636
823,17031690300,67.3,39.1,21.9,16.2,20.4,52.5,-52.0,59.9,47.4,4.2,17.8,60621
824,17031690300,67.3,39.1,21.9,16.2,20.4,52.5,-52.0,59.9,47.4,4.2,17.8,60637
825,17031690400,64.6,46.2,18.1,14.7,16.6,60.8,-48.9,72.0,45.0,13.6,20.4,60619
826,17031690400,64.6,46.2,18.1,14.7,16.6,60.8,-48.9,72.0,45.0,13.6,20.4,60637
827,17031690500,71.8,42.3,17.6,15.7,18.3,53.7,-34.4,,46.5,7.9,18.7,60619
828,17031690500,71.8,42.3,17.6,15.7,18.3,53.7,-34.4,,46.5,7.9,18.7,60637
829,17031690900,53.2,49.6,17.3,13.4,15.2,50.4,-40.0,72.8,43.1,13.1,21.6,60619
830,17031691000,8.0,59.9,15.7,10.8,12.9,41.7,-22.0,73.5,39.7,14.4,25.6,60619
831,17031691100,62.3,42.1,18.0,16.2,17.9,52.5,-52.5,71.9,46.2,16.1,18.8,60621
832,17031691200,67.4,38.9,16.8,16.8,18.3,54.8,-39.4,76.3,47.6,4.7,17.7,60620
833,17031691300,28.2,55.0,17.2,11.7,14.5,35.2,-30.5,72.7,41.2,14.9,23.4,60619
834,17031691400,36.4,46.1,18.1,14.3,17.3,49.0,-41.8,66.7,44.5,18.9,20.1,60619
835,17031691500,43.8,40.9,19.0,16.2,18.7,48.8,-54.8,69.5,46.5,13.7,18.5,60619
836,17031700100,27.3,55.5,12.4,12.6,12.5,35.8,1.0,77.1,38.8,5.1,26.0,60620
837,17031700100,27.3,55.5,12.4,12.6,12.5,35.8,1.0,77.1,38.8,5.1,26.0,60652
838,17031700200,12.4,52.4,10.1,13.2,13.6,43.5,0.1,78.7,34.7,17.4,26.4,60629
839,17031700200,12.4,52.4,10.1,13.2,13.6,43.5,0.1,78.7,34.7,17.4,26.4,60652
840,17031700301,17.2,55.2,10.1,12.6,13.3,30.2,-4.1,80.7,32.7,14.7,26.6,60652
841,17031700302,7.2,65.1,10.3,10.5,11.2,39.7,4.5,79.2,29.8,8.3,31.9,60652
842,17031700401,18.9,60.5,11.0,11.4,11.2,34.8,-0.5,76.7,36.0,11.1,29.0,60652
843,17031700402,45.6,59.6,12.6,11.7,11.9,38.2,-6.4,80.2,36.9,9.7,28.5,60652
844,17031700501,14.8,63.3,12.9,10.4,11.3,30.4,2.1,76.2,38.1,9.2,28.5,60620
845,17031700501,14.8,63.3,12.9,10.4,11.3,30.4,2.1,76.2,38.1,9.2,28.5,60652
846,17031700502,1.3,65.0,13.5,10.1,11.8,20.3,19.8,76.0,36.6,4.3,28.2,60620
847,17031700502,1.3,65.0,13.5,10.1,11.8,20.3,19.8,76.0,36.6,4.3,28.2,60652
848,17031710100,82.0,34.2,20.4,18.1,21.2,41.6,-62.2,67.6,50.4,10.9,17.0,60620
849,17031710200,34.0,40.6,18.9,16.0,18.4,54.4,-44.9,71.7,46.9,9.9,19.4,60620
850,17031710300,43.5,41.9,17.5,15.8,18.2,54.3,-38.6,68.8,46.2,18.5,20.5,60620
851,17031710400,36.8,48.0,18.8,14.1,16.3,46.3,-31.3,71.5,44.6,11.2,21.7,60620
852,17031710500,52.4,47.5,17.1,14.4,16.4,51.4,-40.0,73.0,44.7,13.0,21.7,60620
853,17031710600,43.8,42.7,17.4,15.6,17.6,62.9,-47.7,73.5,45.5,15.0,19.8,60620
854,17031710700,22.8,47.7,17.2,13.6,16.0,46.2,-42.9,71.3,44.0,14.1,21.7,60620
855,17031710800,42.9,56.6,16.4,11.6,13.3,50.8,-31.9,74.0,40.1,14.3,24.5,60620
856,17031710900,67.4,38.6,17.5,17.1,19.3,49.3,-44.5,74.6,48.0,22.0,18.4,60620
857,17031711000,51.1,45.2,18.5,14.9,17.1,48.6,-37.5,73.7,44.2,17.1,20.7,60620
858,17031711100,6.9,54.5,17.1,12.1,14.4,49.2,-27.4,73.9,40.7,14.4,24.7,60620
859,17031711200,32.4,51.9,18.6,12.5,15.7,39.0,-25.7,72.2,43.3,11.8,23.3,60620
860,17031711300,26.4,45.0,18.2,15.1,17.6,54.3,-29.9,73.3,46.4,13.6,21.0,60620
861,17031711400,46.4,47.1,18.5,13.8,16.5,40.9,-34.3,66.6,43.9,20.0,21.8,60620
862,17031711500,52.2,47.8,19.2,13.6,16.6,42.5,-32.8,73.7,43.7,26.1,21.6,60620
863,17031720100,0.0,76.3,9.2,8.0,8.9,24.5,43.7,78.2,28.1,3.3,37.0,60620
864,17031720100,0.0,76.3,9.2,8.0,8.9,24.5,43.7,78.2,28.1,3.3,37.0,60643
865,17031720200,20.1,71.2,10.6,9.3,9.8,32.0,11.0,79.2,32.2,6.6,33.5,60643
866,17031720300,3.0,77.1,9.0,8.2,8.7,24.2,42.2,81.9,27.4,2.8,37.3,60643
867,17031720400,0.0,76.0,6.6,9.1,8.5,14.7,33.7,78.4,25.0,8.4,38.0,60643
868,17031720400,0.0,76.0,6.6,9.1,8.5,14.7,33.7,78.4,25.0,8.4,38.0,60655
869,17031720500,0.0,79.1,6.2,8.4,7.9,11.1,38.9,80.7,24.2,1.1,39.3,60643
870,17031720500,0.0,79.1,6.2,8.4,7.9,11.1,38.9,80.7,24.2,1.1,39.3,60655
871,17031720600,0.0,76.3,7.9,8.7,9.1,23.0,37.1,77.7,26.7,1.8,38.0,60643
872,17031720700,0.0,72.0,9.8,9.2,9.1,25.9,5.8,76.2,32.1,11.2,33.2,60643
873,17031730100,14.6,56.8,17.6,11.3,14.1,28.6,-11.0,73.5,40.1,14.1,24.1,60620
874,17031730100,14.6,56.8,17.6,11.3,14.1,28.6,-11.0,73.5,40.1,14.1,24.1,60628
875,17031730201,41.1,54.3,17.7,12.2,14.1,63.4,-44.2,74.7,42.2,17.8,24.0,60620
876,17031730201,41.1,54.3,17.7,12.2,14.1,63.4,-44.2,74.7,42.2,17.8,24.0,60643
877,17031730202,24.5,57.8,17.4,10.9,13.6,38.9,-18.5,71.1,39.7,21.3,25.4,60620
878,17031730202,24.5,57.8,17.4,10.9,13.6,38.9,-18.5,71.1,39.7,21.3,25.4,60643
879,17031730300,24.6,55.9,16.2,12.0,13.3,45.3,-23.2,73.6,41.3,16.4,25.0,60620
880,17031730400,28.2,57.5,17.3,11.2,13.7,36.9,-1.2,78.2,40.5,6.7,25.8,60628
881,17031730400,28.2,57.5,17.3,11.2,13.7,36.9,-1.2,78.2,40.5,6.7,25.8,60643
882,17031730500,25.5,57.2,16.8,11.0,13.5,34.1,-15.6,73.4,40.5,11.6,25.0,60628
883,17031730600,31.3,59.5,17.4,10.7,12.9,49.8,-28.9,,39.2,5.7,26.4,60628
884,17031730600,31.3,59.5,17.4,10.7,12.9,49.8,-28.9,,39.2,5.7,26.4,60643
885,17031730700,45.6,46.1,18.6,14.0,17.1,38.3,-21.2,76.0,45.4,5.2,21.4,60628
886,17031730700,45.6,46.1,18.6,14.0,17.1,38.3,-21.2,76.0,45.4,5.2,21.4,60643
887,17031740100,3.9,72.8,6.9,10.0,9.4,19.8,20.7,77.0,26.1,2.4,36.4,60655
888,17031740200,0.0,73.0,6.8,10.3,9.2,22.0,23.3,80.5,24.8,2.0,35.4,60655
889,17031740300,1.5,75.1,6.4,9.6,8.9,15.8,33.1,78.0,25.2,1.1,36.7,60655
890,17031740400,2.7,70.5,7.1,10.4,9.7,26.3,14.9,76.5,27.6,5.9,35.1,60655
891,17031750100,21.6,55.0,17.3,11.9,14.3,37.9,-21.6,74.2,41.0,9.2,24.5,60628
892,17031750100,21.6,55.0,17.3,11.9,14.3,37.9,-21.6,74.2,41.0,9.2,24.5,60643
893,17031750200,16.4,68.9,10.8,9.9,10.7,25.8,9.2,78.8,33.6,7.5,31.6,60643
894,17031750300,7.8,73.8,7.2,9.7,9.3,27.4,13.7,79.4,26.6,4.2,36.5,60643
895,17031750300,7.8,73.8,7.2,9.7,9.3,27.4,13.7,79.4,26.6,4.2,36.5,60655
896,17031750400,0.0,74.4,7.8,9.3,8.9,19.9,8.5,77.6,28.0,5.8,36.5,60643
897,17031750400,0.0,74.4,7.8,9.3,8.9,19.9,8.5,77.6,28.0,5.8,36.5,60655
898,17031750500,34.3,58.8,14.9,11.3,13.9,43.5,-8.6,76.2,37.1,12.0,26.2,60643
899,17031750600,49.1,48.3,18.8,13.3,16.2,48.8,-37.6,74.7,44.0,7.2,21.6,60628
900,17031750600,49.1,48.3,18.8,13.3,16.2,48.8,-37.6,74.7,44.0,7.2,21.6,60643
901,17031760801,6.4,65.1,6.9,10.8,9.4,34.4,-16.6,79.2,26.8,22.1,32.8,60631
902,17031760801,6.4,65.1,6.9,10.8,9.4,34.4,-16.6,79.2,26.8,22.1,32.8,60656
903,17031760802,31.2,67.7,11.4,10.3,13.1,42.7,-12.7,80.1,27.0,7.5,33.1,60634
904,17031760802,31.2,67.7,11.4,10.3,13.1,42.7,-12.7,80.1,27.0,7.5,33.1,60656
905,17031760803,33.6,60.0,8.4,12.9,12.3,43.7,-28.8,84.4,29.7,23.7,30.0,60656
906,17031760803,33.6,60.0,8.4,12.9,12.3,43.7,-28.8,84.4,29.7,23.7,30.0,60706
907,17031770500,30.0,,,,,34.0,-20.5,77.3,,26.1,,60007
908,17031770500,30.0,,,,,34.0,-20.5,77.3,,26.1,,60018
909,17031770602,33.4,,,,,42.3,-4.8,79.5,,30.0,,60018
910,17031770700,16.3,,,,,31.0,2.2,80.7,,13.8,,60018
911,17031770700,16.3,,,,,31.0,2.2,80.7,,13.8,,60656
912,17031770800,16.2,,,,,38.6,-5.0,78.8,,12.9,,60176
913,17031770902,1.4,63.4,4.7,12.3,8.5,35.4,-9.4,79.0,26.2,10.8,34.1,60656
914,17031770902,1.4,63.4,4.7,12.3,8.5,35.4,-9.4,79.0,26.2,10.8,34.1,60706
915,17031805600,3.1,,,,,27.4,38.3,82.6,,0.6,,60068
916,17031807900,3.7,,,,,40.0,32.4,84.2,,4.0,,60646
917,17031807900,3.7,,,,,40.0,32.4,84.2,,4.0,,60712
918,17031808100,16.4,,,,,40.0,-15.1,74.0,,7.1,,60714
919,17031810400,6.7,75.3,7.6,8.3,9.2,23.1,28.4,83.5,23.5,6.0,36.5,60068
920,17031810400,6.7,75.3,7.6,8.3,9.2,23.1,28.4,83.5,23.5,6.0,36.5,60631
921,17031810400,6.7,75.3,7.6,8.3,9.2,23.1,28.4,83.5,23.5,6.0,36.5,60656
922,17031821402,20.5,,,,,39.9,-23.8,74.6,,14.1,,60643
923,17031821402,20.5,,,,,39.9,-23.8,74.6,,14.1,,60827
924,17031823304,3.4,,,,,45.5,-16.0,77.6,,9.6,,60655
925,17031823304,3.4,,,,,45.5,-16.0,77.6,,9.6,,60803
926,17031830500,44.7,39.9,13.9,15.9,17.2,57.7,-26.6,85.7,38.4,31.7,18.9,60623
927,17031830500,44.7,39.9,13.9,15.9,17.2,57.7,-26.6,85.7,38.4,31.7,18.9,60632
928,17031830600,33.1,54.8,8.0,12.9,11.9,35.4,-7.3,78.6,33.0,21.0,27.0,60626
929,17031830600,33.1,54.8,8.0,12.9,11.9,35.4,-7.3,78.6,33.0,21.0,27.0,60660
930,17031830700,50.0,55.0,10.2,12.8,12.6,41.1,-14.5,79.1,34.5,15.7,27.3,60613
931,17031830700,50.0,55.0,10.2,12.8,12.6,41.1,-14.5,79.1,34.5,15.7,27.3,60640
932,17031830800,0.0,73.6,3.5,9.5,6.2,24.0,10.9,,23.5,6.3,35.9,60625
933,17031830800,0.0,73.6,3.5,9.5,6.2,24.0,10.9,,23.5,6.3,35.9,60640
934,17031830900,2.7,74.1,5.3,8.5,6.6,27.5,32.7,82.0,24.4,5.5,35.0,60614
935,17031830900,2.7,74.1,5.3,8.5,6.6,27.5,32.7,82.0,24.4,5.5,35.0,60618
936,17031830900,2.7,74.1,5.3,8.5,6.6,27.5,32.7,82.0,24.4,5.5,35.0,60647
937,17031831000,0.0,80.8,2.9,7.3,4.6,24.5,53.1,,20.5,3.5,39.0,60622
938,17031831000,0.0,80.8,2.9,7.3,4.6,24.5,53.1,,20.5,3.5,39.0,60647
939,17031831100,12.3,53.2,9.6,13.4,13.4,41.3,-5.8,82.7,32.1,23.5,26.0,60618
940,17031831100,12.3,53.2,9.6,13.4,13.4,41.3,-5.8,82.7,32.1,23.5,26.0,60641
941,17031831200,25.8,47.6,12.2,13.9,14.6,52.5,-21.9,76.0,35.6,26.5,21.6,60639
942,17031831200,25.8,47.6,12.2,13.9,14.6,52.5,-21.9,76.0,35.6,26.5,21.6,60647
943,17031831300,35.0,47.2,12.5,14.2,14.7,43.3,-19.4,,39.5,16.9,22.5,60639
944,17031831300,35.0,47.2,12.5,14.2,14.7,43.3,-19.4,,39.5,16.9,22.5,60651
945,17031831400,35.3,46.0,15.8,14.4,16.1,62.7,-38.9,71.5,41.5,20.3,22.6,60644
946,17031831400,35.3,46.0,15.8,14.4,16.1,62.7,-38.9,71.5,41.5,20.3,22.6,60804
947,17031831500,22.6,59.4,9.7,11.8,11.8,40.2,-12.4,76.0,30.7,25.8,28.3,60634
948,17031831500,22.6,59.4,9.7,11.8,11.8,40.2,-12.4,76.0,30.7,25.8,28.3,60639
949,17031831500,22.6,59.4,9.7,11.8,11.8,40.2,-12.4,76.0,30.7,25.8,28.3,60707
950,17031831600,15.7,56.7,11.6,12.0,13.4,50.1,-19.3,77.9,32.7,17.1,26.9,60707
951,17031831700,27.6,61.2,9.5,11.5,11.5,53.7,-13.0,80.4,30.5,17.0,30.9,60630
952,17031831700,27.6,61.2,9.5,11.5,11.5,53.7,-13.0,80.4,30.5,17.0,30.9,60641
953,17031831800,18.7,64.1,8.3,10.7,9.8,35.6,3.5,82.6,25.0,10.3,31.0,60625
954,17031831800,18.7,64.1,8.3,10.7,9.8,35.6,3.5,82.6,25.0,10.3,31.0,60630
955,17031831800,18.7,64.1,8.3,10.7,9.8,35.6,3.5,82.6,25.0,10.3,31.0,60659
956,17031831900,0.0,79.0,2.9,8.1,4.9,23.3,36.2,76.8,20.5,2.8,38.9,60613
957,17031831900,0.0,79.0,2.9,8.1,4.9,23.3,36.2,76.8,20.5,2.8,38.9,60657
958,17031832000,5.2,73.5,2.7,9.3,5.3,31.4,31.6,,21.4,5.4,35.0,60613
959,17031832000,5.2,73.5,2.7,9.3,5.3,31.4,31.6,,21.4,5.4,35.0,60657
960,17031832100,16.1,69.1,4.4,10.3,6.9,29.1,3.8,,25.3,10.9,31.5,60613
961,17031832200,5.5,74.7,3.6,9.0,6.0,29.4,29.8,81.3,22.5,8.5,36.9,60647
962,17031832300,4.6,73.8,3.8,8.9,5.9,32.1,33.4,81.3,23.1,3.7,35.1,60614
963,17031832300,4.6,73.8,3.8,8.9,5.9,32.1,33.4,81.3,23.1,3.7,35.1,60622
964,17031832300,4.6,73.8,3.8,8.9,5.9,32.1,33.4,81.3,23.1,3.7,35.1,60642
965,17031832300,4.6,73.8,3.8,8.9,5.9,32.1,33.4,81.3,23.1,3.7,35.1,60647
966,17031832400,14.3,68.6,5.3,9.8,7.5,27.6,25.1,82.2,25.9,10.7,31.3,60647
967,17031832500,19.3,71.7,5.2,10.3,7.8,36.9,26.3,77.6,23.4,2.8,33.0,60614
968,17031832600,4.2,79.3,3.2,8.2,5.1,22.0,52.7,,20.6,2.1,40.0,60614
969,17031832600,4.2,79.3,3.2,8.2,5.1,22.0,52.7,,20.6,2.1,40.0,60642
970,17031832900,0.0,65.3,5.1,10.7,7.3,43.0,-6.5,84.5,21.6,2.1,30.7,60607
971,17031833000,0.0,75.2,4.2,8.4,6.0,29.2,32.3,,24.0,0.9,35.2,60607
972,17031833000,0.0,75.2,4.2,8.4,6.0,29.2,32.3,,24.0,0.9,35.2,60661
973,17031833100,5.6,72.7,4.7,8.9,6.4,24.3,30.2,80.7,24.4,2.9,33.4,60607
974,17031833300,0.0,59.3,7.0,12.0,9.0,55.3,-10.4,82.5,23.1,4.4,27.2,60607
975,17031833300,0.0,59.3,7.0,12.0,9.0,55.3,-10.4,82.5,23.1,4.4,27.2,60608
976,17031833900,47.8,41.5,15.3,16.0,17.5,48.1,-43.9,79.3,41.2,16.4,19.6,60617
977,17031834000,35.9,47.5,16.0,14.6,15.8,50.7,-34.5,73.7,44.1,6.7,20.7,60620
978,17031834000,35.9,47.5,16.0,14.6,15.8,50.7,-34.5,73.7,44.1,6.7,20.7,60628
979,17031834200,32.3,49.3,17.1,13.8,16.0,54.5,-38.8,71.4,44.3,13.0,21.5,60619
980,17031834200,32.3,49.3,17.1,13.8,16.0,54.5,-38.8,71.4,44.3,13.0,21.5,60649
981,17031834300,21.2,55.1,17.2,11.9,14.6,52.9,-29.9,73.4,41.5,8.5,24.3,60617
982,17031834300,21.2,55.1,17.2,11.9,14.6,52.9,-29.9,73.4,41.5,8.5,24.3,60619
983,17031834400,38.6,54.4,14.1,12.8,13.2,46.0,-27.2,73.9,41.7,7.7,23.9,60637
984,17031834500,52.5,43.6,13.6,16.1,15.7,54.8,-37.5,66.3,45.5,12.2,19.4,60621
985,17031834500,52.5,43.6,13.6,16.1,15.7,54.8,-37.5,66.3,45.5,12.2,19.4,60637
986,17031834600,73.2,33.9,20.5,18.0,21.0,56.4,-53.2,66.1,49.8,17.6,16.5,60621
987,17031834700,69.6,35.7,20.7,18.2,20.7,53.9,-55.0,66.8,48.0,18.5,17.6,60621
988,17031834800,44.4,38.4,20.3,16.8,19.7,51.8,-58.8,69.0,46.9,20.9,18.2,60621
989,17031834900,69.4,35.8,21.4,17.3,20.9,49.4,-67.3,74.1,48.8,11.2,17.4,60636
990,17031835000,44.1,36.0,16.0,17.4,19.3,57.5,-41.8,74.1,45.5,19.7,18.2,60629
991,17031835000,44.1,36.0,16.0,17.4,19.3,57.5,-41.8,74.1,45.5,19.7,18.2,60636
992,17031835100,31.8,41.7,13.2,15.4,16.2,53.8,-15.9,75.7,39.9,26.0,20.1,60629
993,17031835100,31.8,41.7,13.2,15.4,16.2,53.8,-15.9,75.7,39.9,26.0,20.1,60632
994,17031835100,31.8,41.7,13.2,15.4,16.2,53.8,-15.9,75.7,39.9,26.0,20.1,60636
995,17031835200,23.9,53.0,10.7,13.5,14.6,35.3,-7.2,76.8,33.0,13.6,25.9,60632
996,17031835200,23.9,53.0,10.7,13.5,14.6,35.3,-7.2,76.8,33.0,13.6,25.9,60638
997,17031835500,79.0,42.1,22.8,15.0,19.5,54.7,-56.7,71.6,46.4,19.5,19.9,60609
998,17031835600,34.6,45.3,14.7,14.3,16.0,47.5,-46.1,69.6,42.9,13.9,20.6,60609
999,17031835700,20.6,,,,,56.4,-49.0,,,18.4,,60609
1000,17031835800,60.6,51.0,12.7,14.0,13.6,45.9,-13.8,72.7,42.6,10.6,23.1,60615
1001,17031835800,60.6,51.0,12.7,14.0,13.6,45.9,-13.8,72.7,42.6,10.6,23.1,60653
1002,17031835900,71.2,42.8,19.0,15.4,17.6,48.1,-52.8,73.1,46.1,17.3,19.5,60609
1003,17031835900,71.2,42.8,19.0,15.4,17.6,48.1,-52.8,73.1,46.1,17.3,19.5,60653
1004,17031836000,28.5,54.0,12.3,13.1,12.9,39.5,-2.3,75.2,42.0,6.8,22.6,60653
1005,17031836100,55.5,47.4,14.8,14.9,14.3,56.4,-45.0,70.5,43.3,9.6,21.3,60609
1006,17031836100,55.5,47.4,14.8,14.9,14.3,56.4,-45.0,70.5,43.3,9.6,21.3,60615
1007,17031836200,2.4,64.6,2.7,13.3,6.1,30.3,-7.4,,18.3,5.1,33.3,60637
1008,17031836300,0.0,68.3,10.7,9.7,9.1,42.3,-11.6,78.7,32.3,14.4,29.5,60615
1009,17031836400,31.6,54.1,14.6,12.8,13.8,41.9,-37.2,73.2,41.7,6.3,23.7,60653
1010,17031836500,36.5,47.0,13.0,15.5,14.8,43.6,-34.3,,44.4,21.8,20.7,60653
1011,17031836600,22.1,53.8,12.6,12.4,12.7,53.3,-23.3,77.3,36.6,9.5,23.9,60622
1012,17031836600,22.1,53.8,12.6,12.4,12.7,53.3,-23.3,77.3,36.6,9.5,23.9,60651
1013,17031836700,41.5,42.3,16.9,16.5,17.4,52.7,-48.3,67.5,44.7,9.3,19.7,60612
1014,17031836700,41.5,42.3,16.9,16.5,17.4,52.7,-48.3,67.5,44.7,9.3,19.7,60622
1015,17031836700,41.5,42.3,16.9,16.5,17.4,52.7,-48.3,67.5,44.7,9.3,19.7,60624
1016,17031836700,41.5,42.3,16.9,16.5,17.4,52.7,-48.3,67.5,44.7,9.3,19.7,60651
1017,17031836800,71.9,33.0,20.3,18.8,21.1,66.7,-77.7,71.2,48.9,14.3,15.8,60612
1018,17031836800,71.9,33.0,20.3,18.8,21.1,66.7,-77.7,71.2,48.9,14.3,15.8,60624
1019,17031836900,42.2,40.9,14.0,16.9,16.3,50.5,-41.5,72.3,44.7,16.1,19.0,60612
1020,17031836900,42.2,40.9,14.0,16.9,16.3,50.5,-41.5,72.3,44.7,16.1,19.0,60624
1021,17031837000,38.8,47.0,13.8,15.0,14.9,50.9,-35.5,72.2,43.6,10.3,21.3,60612
1022,17031837100,3.3,51.4,17.0,13.1,14.6,57.6,-49.3,71.8,39.8,21.6,23.2,60612
1023,17031837300,53.0,42.3,15.4,15.6,15.9,51.1,-41.7,66.2,44.3,13.4,18.9,60612
1024,17031837300,53.0,42.3,15.4,15.6,15.9,51.1,-41.7,66.2,44.3,13.4,18.9,60624
1025,17031837400,51.6,40.7,16.5,16.5,17.6,49.6,-35.3,72.0,45.5,19.9,19.1,60612
1026,17031837800,40.5,50.5,9.8,13.8,12.3,30.9,-7.1,72.3,38.9,9.9,23.1,60612
1027,17031838000,67.4,48.0,16.2,14.0,15.5,33.5,-46.8,70.7,40.3,19.8,20.5,60612
1028,17031838100,32.4,50.6,15.9,12.4,13.9,35.9,-41.5,73.8,34.4,14.9,23.0,60607
1029,17031838100,32.4,50.6,15.9,12.4,13.9,35.9,-41.5,73.8,34.4,14.9,23.0,60612
1030,17031838200,0.0,60.9,5.4,12.0,7.7,49.3,-33.0,81.0,22.6,11.9,26.7,60607
1031,17031838200,0.0,60.9,5.4,12.0,7.7,49.3,-33.0,81.0,22.6,11.9,26.7,60608
1032,17031838200,0.0,60.9,5.4,12.0,7.7,49.3,-33.0,81.0,22.6,11.9,26.7,60612
1033,17031838300,25.9,57.0,9.0,12.6,10.9,46.3,-19.4,77.8,33.1,7.9,24.8,60610
1034,17031838600,64.6,28.3,19.9,20.6,23.1,54.0,-69.3,72.4,50.1,10.1,14.6,60612
1035,17031838700,62.0,31.1,18.6,20.3,21.5,56.4,-53.7,70.1,49.6,13.8,15.8,60623
1036,17031838700,62.0,31.1,18.6,20.3,21.5,56.4,-53.7,70.1,49.6,13.8,15.8,60624
1037,17031838800,73.7,38.3,18.4,16.8,19.7,32.9,-57.5,74.6,44.2,16.6,18.5,60617
1038,17031838800,73.7,38.3,18.4,16.8,19.7,32.9,-57.5,74.6,44.2,16.6,18.5,60633
1039,17031839000,33.8,72.6,5.1,9.1,6.4,29.4,17.1,80.4,22.5,3.1,33.6,60605
1040,17031839000,33.8,72.6,5.1,9.1,6.4,29.4,17.1,80.4,22.5,3.1,33.6,60607
1041,17031839100,10.6,70.7,4.0,9.7,6.0,35.4,12.6,,22.0,5.7,35.4,60601
1042,17031839100,10.6,70.7,4.0,9.7,6.0,35.4,12.6,,22.0,5.7,35.4,60602
1043,17031839100,10.6,70.7,4.0,9.7,6.0,35.4,12.6,,22.0,5.7,35.4,60603
1044,17031839100,10.6,70.7,4.0,9.7,6.0,35.4,12.6,,22.0,5.7,35.4,60604
1045,17031839100,10.6,70.7,4.0,9.7,6.0,35.4,12.6,,22.0,5.7,35.4,60605
1046,17031839100,10.6,70.7,4.0,9.7,6.0,35.4,12.6,,22.0,5.7,35.4,60606
1047,17031839100,10.6,70.7,4.0,9.7,6.0,35.4,12.6,,22.0,5.7,35.4,60607
1048,17031839100,10.6,70.7,4.0,9.7,6.0,35.4,12.6,,22.0,5.7,35.4,60654
1049,17031839200,9.8,59.2,13.4,10.9,11.9,56.0,-37.0,73.7,34.9,16.5,25.4,60616
1050,17031839500,0.0,57.0,19.0,10.9,14.3,37.4,-32.7,75.6,36.6,7.3,23.4,60616
1051,17031839600,0.0,57.8,16.7,10.5,13.8,59.2,-28.3,74.3,38.3,7.2,23.9,60616
1052,17031839600,0.0,57.8,16.7,10.5,13.8,59.2,-28.3,74.3,38.3,7.2,23.9,60653
1053,17031839700,25.8,60.0,9.1,11.3,11.2,42.7,-11.9,78.9,27.9,15.8,28.7,60608
1054,17031839700,25.8,60.0,9.1,11.3,11.2,42.7,-11.9,78.9,27.9,15.8,28.7,60609
1055,17031839700,25.8,60.0,9.1,11.3,11.2,42.7,-11.9,78.9,27.9,15.8,28.7,60616
1056,17031839800,6.0,60.5,9.7,11.0,10.9,39.9,-14.0,82.4,24.7,18.1,29.6,60608
1057,17031839800,6.0,60.5,9.7,11.0,10.9,39.9,-14.0,82.4,24.7,18.1,29.6,60616
1058,17031839900,10.2,62.3,8.4,11.6,10.7,39.4,-14.1,79.6,27.2,8.9,30.7,60609
1059,17043840000,9.7,,,,,28.3,0.9,78.6,,21.5,,60007
1060,17043840000,9.7,,,,,28.3,0.9,78.6,,21.5,,60106
1061,17031840000,12.1,63.5,9.1,10.3,10.0,29.3,13.0,81.7,24.6,6.0,30.9,60609
1062,17031840000,12.1,63.5,9.1,10.3,10.0,29.3,13.0,81.7,24.6,6.0,30.9,60616
1063,17031840100,21.6,45.7,13.0,12.9,13.9,47.5,-25.8,79.0,23.6,24.7,23.5,60616
1064,17031840200,10.3,52.3,10.9,11.4,11.6,36.6,-14.3,83.0,21.9,12.1,26.3,60608
1065,17031840200,10.3,52.3,10.9,11.4,11.6,36.6,-14.3,83.0,21.9,12.1,26.3,60616
1066,17031840300,35.6,52.2,11.3,12.5,13.2,44.6,-7.3,81.1,30.9,19.5,26.3,60608
1067,17031840300,35.6,52.2,11.3,12.5,13.2,44.6,-7.3,81.1,30.9,19.5,26.3,60609
1068,17031840300,35.6,52.2,11.3,12.5,13.2,44.6,-7.3,81.1,30.9,19.5,26.3,60632
1069,17031840400,38.5,50.0,12.8,12.4,13.6,40.9,-21.7,78.2,28.9,20.7,24.4,60608
1070,17031840400,38.5,50.0,12.8,12.4,13.6,40.9,-21.7,78.2,28.9,20.7,24.4,60609
1071,17031840700,58.7,39.4,12.8,16.0,16.8,52.1,-30.3,80.0,38.8,26.9,19.5,60608
1072,17031840700,58.7,39.4,12.8,16.0,16.8,52.1,-30.3,80.0,38.8,26.9,19.5,60623
1073,17031840800,49.6,38.6,13.7,15.9,17.1,50.3,-28.2,79.4,39.0,28.8,17.8,60623
1074,17043840801,39.3,,,,,48.8,-25.3,76.0,,15.3,,60106
1075,17031841000,31.0,67.0,10.5,9.0,8.8,46.1,-6.9,,29.2,7.8,28.7,60616
1076,17031841100,58.6,41.8,18.4,12.1,14.5,43.0,-35.8,86.4,19.6,23.1,20.7,60616
1077,17031841200,38.7,43.7,11.6,15.0,15.5,48.1,-25.1,76.2,36.9,21.7,20.6,60608
1078,17031841300,24.1,52.2,9.8,12.8,13.2,27.2,-16.3,81.8,33.4,21.9,24.3,60608
1079,17031841400,57.2,36.8,15.9,17.4,18.7,53.1,-36.3,71.0,47.7,12.6,17.6,60623
1080,17031841500,42.8,34.1,16.2,19.4,20.0,60.9,-46.3,69.6,48.8,12.3,17.1,60623
1081,17031841600,73.0,35.6,18.3,17.7,19.5,68.3,-56.8,,47.9,11.0,17.7,60623
1082,17031841700,39.7,36.2,25.2,15.8,22.2,39.9,-51.9,68.4,45.2,20.7,18.4,60623
1083,17031841800,41.7,48.7,16.1,14.0,15.4,48.5,-33.8,71.5,43.6,11.1,21.2,60619
1084,17031841800,41.7,48.7,16.1,14.0,15.4,48.5,-33.8,71.5,43.6,11.1,21.2,60637
1085,17031841900,0.0,70.9,3.8,10.2,5.9,23.1,35.7,,21.2,6.0,33.7,60607
1086,17031841900,0.0,70.9,3.8,10.2,5.9,23.1,35.7,,21.2,6.0,33.7,60608
1087,17031841900,0.0,70.9,3.8,10.2,5.9,23.1,35.7,,21.2,6.0,33.7,60616
1088,17031842000,0.0,63.8,9.1,10.7,8.3,35.3,5.0,,24.3,6.8,26.3,60616
1089,17031842100,38.7,41.7,16.4,15.7,17.2,48.6,-36.6,78.3,43.1,17.8,19.7,60624
1090,17031842100,38.7,41.7,16.4,15.7,17.2,48.6,-36.6,78.3,43.1,17.8,19.7,60651
1091,17031842200,21.4,69.8,6.7,9.3,7.4,24.3,16.2,80.1,27.0,4.0,30.5,60610
1092,17031842200,21.4,69.8,6.7,9.3,7.4,24.3,16.2,80.1,27.0,4.0,30.5,60642
1093,17031842300,3.0,73.2,5.4,8.8,7.0,27.2,43.2,75.5,25.8,6.3,35.6,60610
1094,17031842300,3.0,73.2,5.4,8.8,7.0,27.2,43.2,75.5,25.8,6.3,35.6,60622
1095,17031842300,3.0,73.2,5.4,8.8,7.0,27.2,43.2,75.5,25.8,6.3,35.6,60642
1096,17031842300,3.0,73.2,5.4,8.8,7.0,27.2,43.2,75.5,25.8,6.3,35.6,60654
1097,17031842300,3.0,73.2,5.4,8.8,7.0,27.2,43.2,75.5,25.8,6.3,35.6,60661
1098,17031842400,41.1,55.4,17.6,11.5,14.2,41.9,-28.5,73.9,40.7,19.1,23.8,60619
1099,17031842400,41.1,55.4,17.6,11.5,14.2,41.9,-28.5,73.9,40.7,19.1,23.8,60620
1100,17031842500,83.9,33.3,15.1,20.8,18.7,38.7,-72.0,68.1,47.5,10.4,15.4,60621
1101,17031842500,83.9,33.3,15.1,20.8,18.7,38.7,-72.0,68.1,47.5,10.4,15.4,60637
1102,17031842600,25.0,57.3,9.7,12.6,12.8,34.0,-6.7,78.4,30.3,15.7,28.6,60609
1103,17031842800,55.1,40.2,12.2,15.7,16.5,62.7,-32.8,82.3,37.2,28.1,20.8,60609
1104,17031842800,55.1,40.2,12.2,15.7,16.5,62.7,-32.8,82.3,37.2,28.1,20.8,60632
1105,17031842900,59.8,41.4,17.6,16.1,18.1,37.7,-52.8,68.9,42.7,16.4,19.2,60608
1106,17031843000,56.2,34.4,20.3,18.5,21.2,53.6,-57.8,68.0,48.7,12.1,16.8,60612
1107,17031843000,56.2,34.4,20.3,18.5,21.2,53.6,-57.8,68.0,48.7,12.1,16.8,60624
1108,17031843100,47.0,41.1,16.1,16.0,17.6,65.0,-40.8,73.5,46.3,11.4,18.8,60612
1109,17031843100,47.0,41.1,16.1,16.0,17.6,65.0,-40.8,73.5,46.3,11.4,18.8,60623
1110,17031843200,33.6,48.3,10.3,13.6,13.9,34.1,-10.1,80.6,34.8,18.7,22.1,60608
1111,17031843200,33.6,48.3,10.3,13.6,13.9,34.1,-10.1,80.6,34.8,18.7,22.1,60616
1112,17031843300,47.4,40.0,16.0,16.2,17.6,45.8,-26.9,75.0,44.7,16.4,18.6,60608
1113,17031843300,47.4,40.0,16.0,16.2,17.6,45.8,-26.9,75.0,44.7,16.4,18.6,60612
1114,17031843400,46.2,37.6,19.6,16.8,19.7,48.2,-46.4,73.1,47.6,24.2,18.6,60623
1115,17031843500,28.2,35.3,10.7,16.5,14.4,51.7,-47.3,75.0,41.1,37.7,20.0,60608
1116,17031843500,28.2,35.3,10.7,16.5,14.4,51.7,-47.3,75.0,41.1,37.7,20.0,60623
1117,17031843600,30.2,52.6,14.0,13.3,13.9,49.4,-28.7,74.7,42.4,14.4,22.4,60615
1118,17031843600,30.2,52.6,14.0,13.3,13.9,49.4,-28.7,74.7,42.4,14.4,22.4,60653
1119,17031843700,0.0,71.8,6.2,9.6,8.1,31.7,30.1,78.1,25.6,6.6,34.0,60618
1120,17031843800,34.3,43.6,13.9,15.6,16.7,45.9,-24.0,66.5,40.3,19.9,21.6,60609
1121,17031843900,48.7,53.7,16.2,12.5,14.7,43.9,-38.7,74.9,42.1,10.3,22.9,60637
1122,17031843900,48.7,53.7,16.2,12.5,14.7,43.9,-38.7,74.9,42.1,10.3,22.9,60649
1123,17031980000,,,,,,,,,,,,60007
1124,17031980000,,,,,,,,,,,,60018
1125,17031980000,,,,,,,,,,,,60131
1126,17031980100,,,,,,,,,,,,60629
1127,17031980100,,,,,,,,,,,,60638
